Event Number,City,Event Name,Latitude,Longitude,Popularity,Start Date,Start Time,Venue
1,"New York, NY, US","Marillion with Dream Theater at The New Ritz (November 14, 1989)",40.7643535,-73.9837815,0.059226,1989-11-14,None,The New Ritz
2,"New Orleans, LA, US","Dream Theater at Storyville Jazz Hall (October 29, 1992)",29.9599009,-90.0598873,0.059226,1992-10-29,None,Storyville Jazz Hall
3,"Cleveland, OH, US","Dream Theater at Flash's (January 21, 1993)",41.4503357,-81.8157161,0.059226,1993-01-21,None,Flash's
4,"Columbus, OH, US","Dream Theater with Galactic Cowboys at Newport Music Hall (June 26, 1993)",39.997525,-83.0074283,0.059226,1993-06-26,None,Newport Music Hall
5,"Chicago, IL, US","Dream Theater with I Mother Earth at Vic Theatre (November 5, 1994)",41.939472,-87.65399,0.059226,1994-11-05,None,Vic Theatre
6,"Tempe, AZ, US","Dream Theater and Mike Portnoy at Club Rio (December 5, 1994)",33.4341785,-111.9263014,0.059226,1994-12-05,None,Club Rio
7,"Providence, RI, US","Dream Theater at Unknown venue (December 27, 1995)",41.8239891,-71.4128343,0.059226,1995-12-27,None,Unknown venue
8,"An, PA, US","Dream Theater at Unknown venue (April 10, 1997)",40.2646768,-76.6758201,0.059226,1997-04-10,None,Unknown venue
9,"Cleveland, OH, US","Dream Theater at Odeon (October 27, 1997)",41.4984162,-81.7028503,0.059226,1997-10-27,None,Odeon
10,"Columbus, OH, US","Dream Theater with Big Wreck at Alrosa Villa (October 28, 1997)",40.068523,-82.998737,0.059226,1997-10-28,None,Alrosa Villa
11,"Portland, OR, US","Dream Theater and Mike Portnoy at Roseland Theater (November 14, 1997)",45.5233129,-122.6764367,0.059226,1997-11-14,None,Roseland Theater
12,"Hallandale Beach, FL, US","Dream Theater at The Button South (December 19, 1997)",25.985891,-80.163529,0.059226,1997-12-19,None,The Button South
13,"San Francisco, CA, US","Deep Purple with Dream Theater at The Warfield (August 28, 1998)",37.7826598,-122.4101811,0.132258,1998-08-28,None,The Warfield
14,"An, PA, US","Dream Theater at Unknown venue (December 26, 1998)",40.2646768,-76.6758201,0.059226,1998-12-26,None,Unknown venue
15,"Philadelphia, PA, US","Dream Theater and Mike Portnoy at Electric Factory (December 27, 1998)",39.9589847,-75.1502809,0.059226,1998-12-27,None,Electric Factory
16,"Phoenix, AZ, US","Dream Theater at Unknown venue (January 31, 2000)",33.5891372,-112.1514437,0.059226,2000-01-31,None,Unknown venue
17,"Phoenix, AZ, US","Dream Theater and Mike Portnoy at Celebrity Theatre (January 31, 2000)",33.4544202,-112.0145748,0.059226,2000-01-31,None,Celebrity Theatre
18,"Las Vegas, NV, US","Dream Theater with Spock's Beard at The Joint, Hard Rock Hotel & Casino (February 1, 2000)",36.1090109,-115.1538512,0.059226,2000-02-01,None,"The Joint, Hard Rock Hotel & Casino"
19,"Santa Ana, CA, US","Dream Theater at Unknown venue (February 2, 2000)",33.7455731,-117.8678338,0.059226,2000-02-02,None,Unknown venue
20,"Santa Ana, CA, US","Dream Theater with Spock's Beard at The Observatory (February 2, 2000)",33.6998449,-117.9194457,0.059226,2000-02-02,None,The Observatory
21,"Los Angeles, CA, US","Dream Theater and Mike Portnoy at Palace Theater (February 4, 2000)",34.0457263,-118.252351,0.058764,2000-02-04,None,Palace Theater
22,"Los Angeles, CA, US","Dream Theater and Mike Portnoy at Palace Theater (February 5, 2000)",34.0457263,-118.252351,0.058764,2000-02-05,None,Palace Theater
23,"San Francisco, CA, US","Dream Theater at Unknown venue (February 6, 2000)",37.7890183,-122.3915063,0.059226,2000-02-06,None,Unknown venue
24,"Salt Lake City, UT, US","Dream Theater at Unknown venue (February 8, 2000)",40.7607793,-111.8910474,0.059226,2000-02-08,None,Unknown venue
25,"Salt Lake City, UT, US","Dream Theater and Mike Portnoy at Kingsbury Hall (February 8, 2000)",40.765023,-111.848931,0.059226,2000-02-08,None,Kingsbury Hall
26,"Denver, CO, US","Dream Theater at Unknown venue (February 9, 2000)",39.7392358,-104.990251,0.059226,2000-02-09,None,Unknown venue
27,"Denver, CO, US","Dream Theater and Mike Portnoy at The Fillmore Auditorium (February 9, 2000)",39.7403904,-104.977259,0.059226,2000-02-09,None,The Fillmore Auditorium
28,"Minneapolis, MN, US","Dream Theater at State Theatre (February 11, 2000)",44.9768522,-93.2760663,0.059226,2000-02-11,None,State Theatre
29,"Milwaukee, WI, US","Dream Theater and Mike Portnoy at The Rave/Eagles Club (February 12, 2000)",43.0381725,-87.9432826,0.059226,2000-02-12,None,The Rave/Eagles Club
30,"Milwaukee, WI, US","Dream Theater at Unknown venue (February 12, 2000)",43.0824328,-87.879523,0.059226,2000-02-12,None,Unknown venue
31,"Chicago, IL, US","Dream Theater with Dixie Dregs at Riviera Theatre (February 13, 2000)",41.9685617,-87.6596996,0.059226,2000-02-13,None,Riviera Theatre
32,"St Louis, MO, US","Dream Theater and Mike Portnoy at Mississippi Nights (February 14, 2000)",38.6324626,-90.18284,0.059226,2000-02-14,None,Mississippi Nights
33,"Cincinnati, OH, US","Mike Portnoy and Dream Theater with Dixie Dregs and Star People at Bogart's Cincinnati (February 15, 2000)",39.1299111,-84.5095387,0.059226,2000-02-15,None,Bogart's Cincinnati
34,"Cleveland, OH, US","Dream Theater with Dixie Dregs and Star People at Agora Theatre & Ballroom (February 17, 2000)",41.5036612,-81.653895,0.059226,2000-02-17,None,Agora Theatre & Ballroom
35,"Detroit, MI, US","Dream Theater with Dixie Dregs and Star People at The Fillmore Detroit (February 18, 2000)",42.3377981,-83.0515231,0.059226,2000-02-18,None,The Fillmore Detroit
36,"Pittsburgh, PA, US","Dream Theater at Unknown venue (February 19, 2000)",40.4406248,-79.9958864,0.059226,2000-02-19,None,Unknown venue
37,"Pittsburgh, PA, US","Dream Theater and Mike Portnoy at Metropol (February 19, 2000)",40.4498574,-79.9869969,0.059226,2000-02-19,None,Metropol
38,"Washington, DC, US","Dream Theater and Mike Portnoy at 9:30 Club (February 21, 2000)",38.9178658,-77.0237219,0.059226,2000-02-21,None,9:30 Club
39,"New Haven, CT, US","Dream Theater and Mike Portnoy at Toad's Place (February 23, 2000)",41.311571,-72.9293591,0.059226,2000-02-23,None,Toad's Place
40,"Philadelphia, PA, US","Dream Theater at Unknown venue (February 25, 2000)",39.9525839,-75.1652215,0.059226,2000-02-25,None,Unknown venue
41,"Philadelphia, PA, US","Dream Theater and Mike Portnoy at Electric Factory (February 25, 2000)",39.9589847,-75.1502809,0.059226,2000-02-25,None,Electric Factory
42,"New York, NY, US","Dream Theater at Unknown venue (February 26, 2000)",40.7127837,-74.0059413,0.059226,2000-02-26,None,Unknown venue
43,"Boston, MA, US","Dream Theater at Unknown venue (February 27, 2000)",42.3600825,-71.0588801,0.059226,2000-02-27,None,Unknown venue
44,"Boston, MA, US","Dream Theater and Mike Portnoy at The Roxy (February 27, 2000)",42.3500295,-71.0652348,0.059226,2000-02-27,None,The Roxy
45,"Atlanta, GA, US","Dream Theater and Mike Portnoy at The Tabernacle (March 1, 2000)",33.7586987,-84.3914615,0.059226,2000-03-01,None,The Tabernacle
46,"Lake Buena Vista, FL, US","Dream Theater with Dixie Dregs and Star People at House of Blues (March 3, 2000)",28.3709021,-81.521728,0.059226,2000-03-03,None,House of Blues
47,"Pompano Beach, FL, US","Dream Theater with Dixie Dregs and Star People at Pompano Beach Amphitheater (March 4, 2000)",26.2378597,-80.1247667,0.059226,2000-03-04,None,Pompano Beach Amphitheater
48,"Tampa, FL, US","Dream Theater at Masquerade (March 5, 2000)",27.9602127,-82.4427864,0.059226,2000-03-05,None,Masquerade
49,"Jacksonville, FL, US","Dream Theater and Mike Portnoy at Club 5 (March 7, 2000)",30.3147237,-81.6810553,0.059226,2000-03-07,None,Club 5
50,"New Orleans, LA, US","Dream Theater and Mike Portnoy at House of Blues (March 8, 2000)",29.9531604,-90.0661661,0.059226,2000-03-08,None,House of Blues
51,"Philadelphia, PA, US","Dream Theater at Unknown venue (August 4, 2000)",39.9525839,-75.1652215,0.059226,2000-08-04,None,Unknown venue
52,"Philadelphia, PA, US","Dream Theater with Spock's Beard at Electric Factory (August 4, 2000)",39.9589847,-75.1502809,0.059226,2000-08-04,None,Electric Factory
53,"Washington, DC, US","Dream Theater at Unknown venue (August 5, 2000)",39.72547,-105.0080598,0.059226,2000-08-05,None,Unknown venue
54,"Washington, DC, US","Dream Theater with Spock's Beard at 9:30 Club (August 5, 2000)",38.9178658,-77.0237219,0.059226,2000-08-05,None,9:30 Club
55,"Cincinnati, OH, US","Dream Theater at Unknown venue (August 7, 2000)",39.1031182,-84.5120196,0.059226,2000-08-07,None,Unknown venue
56,"Cincinnati, OH, US","Dream Theater with Spock's Beard at Bogart's Cincinnati (August 7, 2000)",39.1299111,-84.5095387,0.059226,2000-08-07,None,Bogart's Cincinnati
57,"Detroit, MI, US","Dream Theater at Unknown venue (August 9, 2000)",42.331427,-83.0457538,0.059226,2000-08-09,None,Unknown venue
58,"Pontiac, MI, US","Dream Theater with Spock's Beard and Tiles at Phoenix Plaza Amphitheater (August 9, 2000)",42.635682,-83.290373,0.059226,2000-08-09,None,Phoenix Plaza Amphitheater
59,"Chicago, IL, US","Dream Theater at Unknown venue (August 10, 2000)",41.8781136,-87.6297982,0.059226,2000-08-10,None,Unknown venue
60,"Chicago, IL, US","Mike Portnoy and Dream Theater with Spock's Beard at Riviera Theatre (August 10, 2000)",41.9685617,-87.6596996,0.059226,2000-08-10,None,Riviera Theatre
61,"Milwaukee, WI, US","Dream Theater at Unknown venue (August 11, 2000)",43.0824328,-87.879523,0.059226,2000-08-11,None,Unknown venue
62,"Milwaukee, WI, US","Dream Theater with Spock's Beard at Riverside Theatre (August 11, 2000)",43.0388875,-87.9109371,0.059226,2000-08-11,None,Riverside Theatre
63,"Minneapolis, MN, US","Dream Theater at Unknown venue (August 12, 2000)",45.1908533,-93.3007481,0.059226,2000-08-12,None,Unknown venue
64,"Denver, CO, US","Dream Theater at Unknown venue (August 14, 2000)",39.7392358,-104.990251,0.059226,2000-08-14,None,Unknown venue
65,"Denver, CO, US","Dream Theater with Spock's Beard at The Fillmore Auditorium (August 14, 2000)",39.7403904,-104.977259,0.059226,2000-08-14,None,The Fillmore Auditorium
66,"San Francisco, CA, US","Dream Theater at Unknown venue (August 16, 2000)",37.7890183,-122.3915063,0.059226,2000-08-16,None,Unknown venue
67,"San Diego, CA, US","Dream Theater with Spock's Beard at 4th and B (August 18, 2000)",32.7176824,-117.1612837,0.059226,2000-08-18,None,4th and B
68,"Phoenix, AZ, US","Dream Theater at Unknown venue (August 19, 2000)",33.5891372,-112.1514437,0.059226,2000-08-19,None,Unknown venue
69,"Phoenix, AZ, US","Mike Portnoy and Dream Theater with Spock's Beard at Web Theatre (August 19, 2000)",33.4518681,-112.0661906,0.059226,2000-08-19,None,Web Theatre
70,"West Hollywood, CA, US","Dream Theater with Spock's Beard at House of Blues Sunset Strip (August 20, 2000)",34.0948759,-118.3736656,0.059226,2000-08-20,None,House of Blues Sunset Strip
71,"West Hollywood, CA, US","Dream Theater with Spock's Beard at House of Blues Sunset Strip (August 21, 2000)",34.0948759,-118.3736656,0.059226,2000-08-21,None,House of Blues Sunset Strip
72,"Houston, TX, US","Dream Theater at Unknown venue (August 23, 2000)",29.7604267,-95.3698028,0.059226,2000-08-23,None,Unknown venue
73,"Houston, TX, US","Dream Theater and Mike Portnoy at Verizon Wireless Theater (August 23, 2000)",29.7625893,-95.3668985,0.059226,2000-08-23,None,Verizon Wireless Theater
74,"Dallas, TX, US","Dream Theater at Unknown venue (August 24, 2000)",32.857314,-96.600582,0.059226,2000-08-24,None,Unknown venue
75,"Dallas, TX, US","Dream Theater and Mike Portnoy at Bronco Bowl (August 24, 2000)",32.758494,-96.8641946,0.059226,2000-08-24,None,Bronco Bowl
76,"New Orleans, LA, US","Dream Theater at Unknown venue (August 25, 2000)",29.9510658,-90.0715323,0.059226,2000-08-25,None,Unknown venue
77,"New Orleans, LA, US","Dream Theater and Mike Portnoy at House of Blues (August 25, 2000)",29.9531604,-90.0661661,0.059226,2000-08-25,None,House of Blues
78,"Wallingford, CT, US","Dream Theater and Mike Portnoy at Toyota Presents the Oakdale Theatre (August 29, 2000)",41.4486599,-72.846188,0.059226,2000-08-29,None,Toyota Presents the Oakdale Theatre
79,"New York, NY, US","Dream Theater at Unknown venue (August 30, 2000)",40.7127837,-74.0059413,0.059226,2000-08-30,None,Unknown venue
80,"Los Angeles, CA, US","Dream Theater at Guitar Center (September 20, 2000)",34.0981611,-118.3518483,0.059226,2000-09-20,None,Guitar Center
81,"Phoenix, AZ, US","Dream Theater at Unknown venue (October 6, 2000)",33.5891372,-112.1514437,0.059226,2000-10-06,None,Unknown venue
82,"Tonawanda, NY, US","Dream Theater at Guitar Center, Buffalo (November 8, 2000)",42.9813889,-78.8552778,0.059226,2000-11-08,None,"Guitar Center, Buffalo"
83,"Anaheim, CA, US","Dream Theater at Anaheim Convention Center (January 20, 2001)",33.8003652,-117.9208568,0.059226,2001-01-20,None,Anaheim Convention Center
84,"Reno, NV, US","Dream Theater and Joe Satriani at Reno Hilton (June 23, 2001)",39.5274785,-119.7812406,0.059226,2001-06-23,None,Reno Hilton
85,"Las Vegas, NV, US","Dream Theater and Joe Satriani at House of Blues (June 24, 2001)",36.0922144,-115.1730276,0.059226,2001-06-24,None,House of Blues
86,"Phoenix, AZ, US","Dream Theater and Joe Satriani at Celebrity Theatre (June 26, 2001)",33.4544202,-112.0145748,0.059226,2001-06-26,None,Celebrity Theatre
87,"San Diego, CA, US","Dream Theater at Humphrey's Concerts by the Bay (June 28, 2001)",32.7163861,-117.2242713,0.059226,2001-06-28,None,Humphrey's Concerts by the Bay
88,"Los Angeles, CA, US","Dream Theater and Joe Satriani at The Wiltern (June 29, 2001)",34.0619389,-118.3088392,0.059226,2001-06-29,None,The Wiltern
89,"San Francisco, CA, US","Dream Theater and Joe Satriani at The Warfield (June 30, 2001)",37.7826598,-122.4101811,0.059226,2001-06-30,None,The Warfield
90,"Denver, CO, US","Dream Theater and Joe Satriani at The Fillmore Auditorium (July 3, 2001)",39.7403904,-104.977259,0.059226,2001-07-03,None,The Fillmore Auditorium
91,"Santa Fe, NM, US","Dream Theater and Joe Satriani at Paolo Soleri Amphitheatre (July 4, 2001)",35.6696621,-105.9659913,0.059226,2001-07-04,None,Paolo Soleri Amphitheatre
92,"Fort Worth, TX, US","Dream Theater and Joe Satriani at Bass Performance Hall (July 5, 2001)",32.7552561,-97.329614,0.059226,2001-07-05,None,Bass Performance Hall
93,"Houston, TX, US","Dream Theater and Joe Satriani at Verizon Wireless Theater (July 6, 2001)",29.7625893,-95.3668985,0.059226,2001-07-06,None,Verizon Wireless Theater
94,"Austin, TX, US","Dream Theater and Joe Satriani at Austin Music Hall (July 7, 2001)",30.266745,-97.749672,0.059226,2001-07-07,None,Austin Music Hall
95,"Clarkston, MI, US","Dream Theater and Joe Satriani at DTE Energy Music Theatre (July 9, 2001)",42.7510124,-83.380305,0.059226,2001-07-09,None,DTE Energy Music Theatre
96,"Glenside, PA, US","Dream Theater and Joe Satriani at Keswick Theatre (July 12, 2001)",40.106401,-75.146851,0.059226,2001-07-12,None,Keswick Theatre
97,"New York, NY, US","Dream Theater and Joe Satriani at Beacon Theatre (July 13, 2001)",40.7760381,-73.9820377,0.059226,2001-07-13,None,Beacon Theatre
98,"New York, NY, US","Dream Theater and Joe Satriani at Beacon Theatre (July 14, 2001)",40.7760381,-73.9820377,0.059226,2001-07-14,None,Beacon Theatre
99,"Boston, MA, US","Dream Theater at FleetCenter (July 16, 2001)",42.3664872,-71.0621057,0.059226,2001-07-16,None,FleetCenter
100,"Washington, DC, US","Dream Theater and Joe Satriani at Warner Theatre (July 17, 2001)",38.8962768,-77.0282793,0.059226,2001-07-17,None,Warner Theatre
101,"Raleigh, NC, US","Dream Theater and Joe Satriani at Disco Rodeo, Ritz Theater (July 18, 2001)",35.8161073,-78.6209013,0.059226,2001-07-18,None,"Disco Rodeo, Ritz Theater"
102,"Atlanta, GA, US","Dream Theater and Joe Satriani at The Tabernacle (July 19, 2001)",33.7586987,-84.3914615,0.059226,2001-07-19,None,The Tabernacle
103,"Clearwater, FL, US","Dream Theater and Joe Satriani at Ruth Eckerd Hall (July 20, 2001)",27.976034,-82.704689,0.059226,2001-07-20,None,Ruth Eckerd Hall
104,"Sunrise, FL, US","Dream Theater and Joe Satriani at Sunrise Musical Theatre (July 21, 2001)",26.191009,-80.280686,0.059226,2001-07-21,None,Sunrise Musical Theatre
105,"New York, NY, US","Dream Theater at Unknown venue (January 19, 2002)",40.7127837,-74.0059413,0.059226,2002-01-19,None,Unknown venue
106,"Phoenix, AZ, US","Dream Theater and Mike Portnoy at Web Theatre (March 7, 2002)",33.4518681,-112.0661906,0.059226,2002-03-07,None,Web Theatre
107,"Los Angeles, CA, US","Dream Theater at The Wiltern (March 8, 2002)",34.0619389,-118.3088392,0.059226,2002-03-08,None,The Wiltern
108,"San Francisco, CA, US","Dream Theater and Mike Portnoy at The Warfield (March 9, 2002)",37.7826598,-122.4101811,0.059226,2002-03-09,None,The Warfield
109,"Denver, CO, US","Dream Theater at Paramount Theatre (March 11, 2002)",39.744361,-104.99027,0.059226,2002-03-11,None,Paramount Theatre
110,"Kansas City, MO, US","Dream Theater at Unknown venue (March 12, 2002)",39.0997265,-94.5785667,0.059226,2002-03-12,None,Unknown venue
111,"Minneapolis, MN, US","Dream Theater at Orpheum Theatre (March 13, 2002)",44.976396,-93.277509,0.059226,2002-03-13,None,Orpheum Theatre
112,"Chicago, IL, US","Dream Theater at Vic Theatre (March 15, 2002)",41.939472,-87.65399,0.059226,2002-03-15,None,Vic Theatre
113,"Chicago, IL, US","Dream Theater at Vic Theatre (March 16, 2002)",41.939472,-87.65399,0.059226,2002-03-16,None,Vic Theatre
114,"Milwaukee, WI, US","Dream Theater and Mike Portnoy at The Rave/Eagles Club (March 17, 2002)",43.0381725,-87.9432826,0.059226,2002-03-17,None,The Rave/Eagles Club
115,"Detroit, MI, US","Dream Theater at The Fillmore Detroit (March 19, 2002)",42.3377981,-83.0515231,0.059226,2002-03-19,None,The Fillmore Detroit
116,"Boston, MA, US","Dream Theater at Orpheum Theatre (March 22, 2002)",42.356246,-71.0610796,0.059226,2002-03-22,None,Orpheum Theatre
117,"Upper Darby, PA, US","Dream Theater and Mike Portnoy at Tower Theatre (March 23, 2002)",39.9611539,-75.2589325,0.059226,2002-03-23,None,Tower Theatre
118,"Washington, DC, US","Dream Theater and Mike Portnoy at 9:30 Club (March 24, 2002)",38.9178658,-77.0237219,0.059226,2002-03-24,None,9:30 Club
119,"Wallingford, CT, US","Dream Theater at Toyota Presents the Oakdale Theatre (March 26, 2002)",41.4486599,-72.846188,0.059226,2002-03-26,None,Toyota Presents the Oakdale Theatre
120,"New York, NY, US","Dream Theater at Unknown venue (March 27, 2002)",40.7127837,-74.0059413,0.059226,2002-03-27,None,Unknown venue
121,"New York, NY, US","Dream Theater at Unknown venue (March 28, 2002)",40.7127837,-74.0059413,0.059226,2002-03-28,None,Unknown venue
122,"Phoenix, AZ, US","Dream Theater, King's X, and Mike Portnoy at Dodge Theatre (August 8, 2002)",33.448775,-112.079564,0.059226,2002-08-08,None,Dodge Theatre
123,"San Diego, CA, US","Dream Theater, King's X, and Mike Portnoy at Humphrey's Concerts by the Bay (August 9, 2002)",32.7163861,-117.2242713,0.059226,2002-08-09,None,Humphrey's Concerts by the Bay
124,"Los Angeles, CA, US","Dream Theater, King's X, Mike Portnoy, and Joe Satriani at Greek Theatre (August 10, 2002)",34.1180501,-118.2938303,0.059226,2002-08-10,None,Greek Theatre
125,"Concord, CA, US","Dream Theater, King's X, Mike Portnoy, and Joe Satriani at Concord Pavilion (August 11, 2002)",37.960355,-121.939656,0.059226,2002-08-11,None,Concord Pavilion
126,"Albuquerque, NM, US","Dream Theater, Mike Portnoy, and Joe Satriani at Hard Rock Pavilion (August 14, 2002)",34.9379864,-106.6623463,0.059226,2002-08-14,None,Hard Rock Pavilion
127,"Austin, TX, US","Dream Theater, Mike Portnoy, and Joe Satriani at Austin Music Hall (August 17, 2002)",30.266745,-97.749672,0.059226,2002-08-17,None,Austin Music Hall
128,"Houston, TX, US","Dream Theater and Mike Portnoy at Verizon Wireless Theater (August 18, 2002)",29.7625893,-95.3668985,0.059226,2002-08-18,None,Verizon Wireless Theater
129,"Jacksonville, FL, US","Dream Theater and Joe Satriani at Florida Theatre - Jacksonville (August 20, 2002)",30.3264541,-81.6555439,0.059226,2002-08-20,None,Florida Theatre - Jacksonville
130,"Clearwater, FL, US","Joe Satriani and Dream Theater with King's X at Ruth Eckerd Hall (August 21, 2002)",27.976034,-82.704689,0.059226,2002-08-21,None,Ruth Eckerd Hall
131,"Pompano Beach, FL, US","Dream Theater, King's X, Mike Portnoy, and Joe Satriani at Pompano Beach Amphitheater (August 22, 2002)",26.2378597,-80.1247667,0.059226,2002-08-22,None,Pompano Beach Amphitheater
132,"Atlanta, GA, US","Dream Theater and Mike Portnoy at The Tabernacle (August 24, 2002)",33.7586987,-84.3914615,0.059226,2002-08-24,None,The Tabernacle
133,"Sauget, IL, US","Dream Theater and Mike Portnoy at Pop's Concert Venue (August 26, 2002)",38.600789,-90.175798,0.059226,2002-08-26,None,Pop's Concert Venue
134,"Milwaukee, WI, US","Dream Theater and Mike Portnoy at Riverside Theatre (August 27, 2002)",43.0388875,-87.9109371,0.059226,2002-08-27,None,Riverside Theatre
135,"Rosemont, IL, US","Dream Theater and Mike Portnoy at Rosemont Theatre (August 28, 2002)",41.9762359,-87.8643225,0.059226,2002-08-28,None,Rosemont Theatre
136,"Clarkston, MI, US","Dream Theater, Mike Portnoy, and Joe Satriani at DTE Energy Music Theatre (August 30, 2002)",42.7510124,-83.380305,0.059226,2002-08-30,None,DTE Energy Music Theatre
137,"Cleveland, OH, US","Dream Theater and Joe Satriani with King's X at Time Warner Cable Amphitheater At Tower City (September 3, 2002)",41.4960564,-81.6945006,0.059226,2002-09-03,None,Time Warner Cable Amphitheater At Tower City
138,"Rochester, NY, US","Dream Theater at Theatre On The Ridge (September 4, 2002)",43.1967857,-77.6318038,0.059226,2002-09-04,None,Theatre On The Ridge
139,"Baltimore, MD, US","Dream Theater, King's X, Mike Portnoy, and Joe Satriani at Pier Six Pavilion (September 6, 2002)",39.284033,-76.604426,0.059226,2002-09-06,None,Pier Six Pavilion
140,"Pittsburgh, PA, US","Dream Theater and Mike Portnoy at A.J. Palumbo Center (September 7, 2002)",40.437538,-79.987874,0.059226,2002-09-07,None,A.J. Palumbo Center
141,"Camden, NJ, US","Dream Theater and Mike Portnoy at BB&T Pavilion (September 8, 2002)",40.0177386,-75.0004321,0.059226,2002-09-08,None,BB&T Pavilion
142,"Wallingford, CT, US","Dream Theater and Mike Portnoy at Toyota Presents the Oakdale Theatre (September 10, 2002)",41.4486599,-72.846188,0.059226,2002-09-10,None,Toyota Presents the Oakdale Theatre
143,"Boston, MA, US","Dream Theater at FleetCenter (September 12, 2002)",42.3664872,-71.0621057,0.059226,2002-09-12,None,FleetCenter
144,"Holmdel, NJ, US","Dream Theater, King's X, Mike Portnoy, and Joe Satriani at PNC Bank Arts Center (September 13, 2002)",39.9830657,-74.2135086,0.059226,2002-09-13,None,PNC Bank Arts Center
145,"Wantagh, NY, US","Dream Theater, King's X, and Mike Portnoy at Northwell Health at Jones Beach Theater (September 14, 2002)",40.6011406,-73.502518,0.059226,2002-09-14,None,Northwell Health at Jones Beach Theater
146,"Phoenix, AZ, US","Fates Warning with Dream Theater, Queensrÿche, and I Mother Earth at Mason Jar (June 20, 2003)",33.4945033,-112.032102,0.059226,2003-06-20,None,Mason Jar
147,"Houston, TX, US","Fates Warning, Dream Theater, and Mike Portnoy with Queensrÿche and 1 more… at Verizon Wireless Theater (June 23, 2003)",29.7625893,-95.3668985,0.059226,2003-06-23,None,Verizon Wireless Theater
148,"Tulsa, OK, US","Dream Theater, Mike Portnoy, and Fates Warning with Queensrÿche and 1 more… at Brady Theater (June 24, 2003)",36.1578076,-95.9952111,0.059226,2003-06-24,None,Brady Theater
149,"Grand Prairie, TX, US","Fates Warning with Dream Theater, Queensrÿche, and I Mother Earth at Verizon Theatre at Grand Prairie (June 25, 2003)",32.766852,-96.983464,0.059226,2003-06-25,None,Verizon Theatre at Grand Prairie
150,"Lake Buena Vista, FL, US","Fates Warning with Dream Theater, Queensrÿche, and I Mother Earth at House of Blues (June 27, 2003)",28.3709021,-81.521728,0.059226,2003-06-27,None,House of Blues
151,"Pompano Beach, FL, US","Fates Warning and Mike Portnoy with Dream Theater, Queensrÿche, and 1 more… at Pompano Beach Amphitheater (June 28, 2003)",26.2378597,-80.1247667,0.059226,2003-06-28,None,Pompano Beach Amphitheater
152,"Tampa, FL, US","Dream Theater at Unknown venue (June 29, 2003)",27.950575,-82.4571776,0.059226,2003-06-29,None,Unknown venue
153,"Atlanta, GA, US","Fates Warning and Mike Portnoy with Dream Theater, Queensrÿche, and 1 more… at The Tabernacle (June 30, 2003)",33.7586987,-84.3914615,0.059226,2003-06-30,None,The Tabernacle
154,"Columbus, OH, US","Dream Theater and Queensrÿche with Fates Warning at EXPRESS LIVE! (July 2, 2003)",39.9696888,-83.009785,0.059226,2003-07-02,None,EXPRESS LIVE!
155,"Pittsburgh, PA, US","Dream Theater at Trib Total Media Amphitheatre at Station Square (July 3, 2003)",40.4330694,-80.0038338,0.059226,2003-07-03,None,Trib Total Media Amphitheatre at Station Square
156,"Pittsburgh, PA, US","Fates Warning with Dream Theater, Queensrÿche, and I Mother Earth at Station Square (July 3, 2003)",40.4330076,-80.0045618,0.059226,2003-07-03,None,Station Square
157,"Wallingford, CT, US","Mike Portnoy and Fates Warning with Dream Theater, Queensrÿche, and 1 more… at Toyota Presents the Oakdale Theatre (July 8, 2003)",41.4486599,-72.846188,0.059226,2003-07-08,None,Toyota Presents the Oakdale Theatre
158,"Boston, MA, US","Dream Theater, Mike Portnoy, and Fates Warning with Queensrÿche and 1 more… at FleetCenter (July 9, 2003)",42.3664872,-71.0621057,0.059226,2003-07-09,None,FleetCenter
159,"Holmdel, NJ, US","Mike Portnoy and Fates Warning with Dream Theater, Queensrÿche, and 1 more… at PNC Bank Arts Center (July 10, 2003)",39.9830657,-74.2135086,0.059226,2003-07-10,None,PNC Bank Arts Center
160,"Wantagh, NY, US","Mike Portnoy and Fates Warning with Dream Theater, Queensrÿche, and 1 more… at Northwell Health at Jones Beach Theater (July 11, 2003)",40.6011406,-73.502518,0.059226,2003-07-11,None,Northwell Health at Jones Beach Theater
161,"Baltimore, MD, US","Dream Theater at Unknown venue (July 15, 2003)",39.2903848,-76.6121893,0.059226,2003-07-15,None,Unknown venue
162,"Baltimore, MD, US","Dream Theater and Mike Portnoy at Pier Six Pavilion (July 15, 2003)",39.284033,-76.604426,0.059226,2003-07-15,None,Pier Six Pavilion
163,"Cleveland, OH, US","Mike Portnoy and Fates Warning with Dream Theater, Queensrÿche, and 1 more… at Time Warner Cable Amphitheater At Tower City (July 16, 2003)",41.4960564,-81.6945006,0.059226,2003-07-16,None,Time Warner Cable Amphitheater At Tower City
164,"Clarkston, MI, US","Queensrÿche and Dream Theater with Fates Warning and I Mother Earth at DTE Energy Music Theatre (July 17, 2003)",42.7510124,-83.380305,0.059226,2003-07-17,None,DTE Energy Music Theatre
165,"Cincinnati, OH, US","Queensrÿche and Dream Theater with Fates Warning at Annie's (July 18, 2003)",39.100225,-84.431203,0.059226,2003-07-18,None,Annie's
166,"Chicago, IL, US","Fates Warning and Mike Portnoy with Dream Theater, Queensrÿche, and 1 more… at Aragon Ballroom (July 19, 2003)",41.9692552,-87.6579453,0.059226,2003-07-19,None,Aragon Ballroom
167,"Kansas City, MO, US","Fates Warning and Dream Theater with Queensrÿche and I Mother Earth at Uptown Theater (July 21, 2003)",39.0611494,-94.5905256,0.059226,2003-07-21,None,Uptown Theater
168,"Universal City, CA, US","Queesnryche, Dream Theater, and Fates Warning at Gibson Amphitheatre, Universal Studios Hollywood (July 24, 2003)",34.1380075,-118.3532429,0.059226,2003-07-24,None,"Gibson Amphitheatre, Universal Studios Hollywood"
169,"San Diego, CA, US","Dream Theater at Humphrey's Concerts by the Bay (July 25, 2003)",32.7163861,-117.2242713,0.059226,2003-07-25,None,Humphrey's Concerts by the Bay
170,"Concord, CA, US","Mike Portnoy and Fates Warning with Dream Theater, Queensrÿche, and 1 more… at Concord Pavilion (July 26, 2003)",37.960355,-121.939656,0.059226,2003-07-26,None,Concord Pavilion
171,"Sacramento, CA, US","Dream Theater and Fates Warning with Queensrÿche and I Mother Earth at The Cove At Cal Expo (July 27, 2003)",38.59268,-121.434113,0.059226,2003-07-27,None,The Cove At Cal Expo
172,"Las Vegas, NV, US","Dream Theater, Fates Warning, and Mike Portnoy with Queensrÿche and 1 more… at The Joint, Hard Rock Hotel & Casino (July 28, 2003)",36.1090109,-115.1538512,0.059226,2003-07-28,None,"The Joint, Hard Rock Hotel & Casino"
173,"Spokane, WA, US","Dream Theater at Unknown venue (July 30, 2003)",47.6587802,-117.4260466,0.059226,2003-07-30,None,Unknown venue
174,"Spokane, WA, US","Dream Theater and Mike Portnoy at Spokane Opera House (July 30, 2003)",47.6601048,-117.4164931,0.059226,2003-07-30,None,Spokane Opera House
175,"Boise, ID, US","Dream Theater at Unknown venue (July 31, 2003)",43.6187102,-116.2146068,0.059226,2003-07-31,None,Unknown venue
176,"Boise, ID, US","Dream Theater and Mike Portnoy at Knitting Factory (July 31, 2003)",43.6131935,-116.2073485,0.059226,2003-07-31,None,Knitting Factory
177,"Portland, OR, US","Queensrÿche with Dream Theater and I Mother Earth at Arlene Schnitzer Concert Hall (August 1, 2003)",45.5168547,-122.6811831,0.059226,2003-08-01,None,Arlene Schnitzer Concert Hall
178,"Seattle, WA, US","Fates Warning and Mike Portnoy with Dream Theater, Queensrÿche, and 1 more… at Paramount Theatre (August 2, 2003)",47.613296,-122.33139,0.059226,2003-08-02,None,Paramount Theatre
179,"Metuchen, NJ, US","Dream Theater at Forum Theatre Arts Center (November 21, 2003)",40.538292,-74.3599849,0.059226,2003-11-21,None,Forum Theatre Arts Center
180,"Seattle, WA, US","Dream Theater and Mike Portnoy at The Moore Theatre (March 2, 2004)",47.6116891,-122.3415211,0.059226,2004-03-02,None,The Moore Theatre
181,"Portland, OR, US","Dream Theater and Mike Portnoy at Roseland Theater (March 3, 2004)",45.5233129,-122.6764367,0.059226,2004-03-03,None,Roseland Theater
182,"San Francisco, CA, US","Dream Theater and Mike Portnoy at The Warfield (March 5, 2004)",37.7826598,-122.4101811,0.059226,2004-03-05,None,The Warfield
183,"Hollywood, CA, US","Dream Theater and Mike Portnoy at Pantages Theatre (March 6, 2004)",34.102001,-118.325867,0.059226,2004-03-06,None,Pantages Theatre
184,"San Diego, CA, US","Dream Theater and Mike Portnoy at Spreckels Theatre (March 7, 2004)",32.715061,-117.163321,0.059226,2004-03-07,None,Spreckels Theatre
185,"Phoenix, AZ, US","Dream Theater and Mike Portnoy at Celebrity Theatre (March 8, 2004)",33.4544202,-112.0145748,0.059226,2004-03-08,None,Celebrity Theatre
186,"Denver, CO, US","Dream Theater and Mike Portnoy at Paramount Theatre (March 11, 2004)",39.744361,-104.99027,0.059226,2004-03-11,None,Paramount Theatre
187,"Minneapolis, MN, US","Dream Theater and Mike Portnoy at State Theatre (March 13, 2004)",44.9768522,-93.2760663,0.059226,2004-03-13,None,State Theatre
188,"Kansas City, MO, US","Dream Theater and Mike Portnoy at Uptown Theater (March 15, 2004)",39.0611494,-94.5905256,0.059226,2004-03-15,None,Uptown Theater
189,"St Louis, MO, US","Dream Theater and Mike Portnoy at The Pageant (March 17, 2004)",38.6555712,-90.2978676,0.059226,2004-03-17,None,The Pageant
190,"Milwaukee, WI, US","Dream Theater and Mike Portnoy at The Rave/Eagles Club (March 18, 2004)",43.0381725,-87.9432826,0.059226,2004-03-18,None,The Rave/Eagles Club
191,"Chicago, IL, US","Dream Theater and Mike Portnoy at Riviera Theatre (March 19, 2004)",41.9685617,-87.6596996,0.059226,2004-03-19,None,Riviera Theatre
192,"Cleveland, OH, US","Dream Theater at Agora Theatre & Ballroom (March 20, 2004)",41.5036612,-81.653895,0.059226,2004-03-20,None,Agora Theatre & Ballroom
193,"Detroit, MI, US","Dream Theater and Mike Portnoy at The Fillmore Detroit (March 22, 2004)",42.3377981,-83.0515231,0.059226,2004-03-22,None,The Fillmore Detroit
194,"Greensburg, PA, US","Dream Theater at Palace Theatre (March 23, 2004)",40.3034411,-79.5454085,0.059226,2004-03-23,None,Palace Theatre
195,"Washington, DC, US","Dream Theater and Mike Portnoy at 9:30 Club (March 29, 2004)",38.9178658,-77.0237219,0.059226,2004-03-29,None,9:30 Club
196,"Wallingford, CT, US","Dream Theater and Mike Portnoy at Toyota Presents the Oakdale Theatre (March 30, 2004)",41.4486599,-72.846188,0.059226,2004-03-30,None,Toyota Presents the Oakdale Theatre
197,"Boston, MA, US","Dream Theater and Mike Portnoy at Orpheum Theatre (April 1, 2004)",42.356246,-71.0610796,0.059226,2004-04-01,None,Orpheum Theatre
198,"Upper Darby, PA, US","Dream Theater and Mike Portnoy at Tower Theatre (April 2, 2004)",39.9611539,-75.2589325,0.059226,2004-04-02,None,Tower Theatre
199,"New York, NY, US","Dream Theater at Madison Square Garden (April 3, 2004)",40.7497096,-73.991556,0.057967,2004-04-03,None,Madison Square Garden
200,"Atlantic City, NJ, US","Dream Theater, Yes, and Mike Portnoy at Borgata Event Center (August 20, 2004)",39.3770706,-74.4345188,0.070531,2004-08-20,None,Borgata Event Center
201,"Worcester, MA, US","Dream Theater and Mike Portnoy at Palladium (August 21, 2004)",42.2667443,-71.8008124,0.059226,2004-08-21,None,Palladium
202,"Hartford, CT, US","Dream Theater and Mike Portnoy at Xfinity Theatre (August 22, 2004)",41.7801718,-72.6693191,0.059226,2004-08-22,None,Xfinity Theatre
203,"Cuyahoga Falls, OH, US","Dream Theater, Yes, and Mike Portnoy at Blossom Music Center (August 24, 2004)",41.1913469,-81.5607834,0.070531,2004-08-24,None,Blossom Music Center
204,"Washington, DC, US","Dream Theater at Unknown venue (August 25, 2004)",39.72547,-105.0080598,0.059226,2004-08-25,None,Unknown venue
205,"Bristow, VA, US","Dream Theater and Mike Portnoy at Jiffy Lube Live (August 25, 2004)",38.786011,-77.587845,0.059226,2004-08-25,None,Jiffy Lube Live
206,"Holmdel, NJ, US","Dream Theater and Yes at PNC Bank Arts Center (August 27, 2004)",39.9830657,-74.2135086,0.070531,2004-08-27,None,PNC Bank Arts Center
207,"Wantagh, NY, US","Dream Theater and Mike Portnoy at Northwell Health at Jones Beach Theater (August 28, 2004)",40.6011406,-73.502518,0.059226,2004-08-28,None,Northwell Health at Jones Beach Theater
208,"Syracuse, NY, US","Dream Theater at New York State Fairgrounds (September 2, 2004)",43.0744132,-76.224668,0.059226,2004-09-02,None,New York State Fairgrounds
209,"Syracuse, NY, US","Yes with Dream Theater at Grandstand, New York State Fairgrounds (September 2, 2004)",43.0744132,-76.224668,0.070531,2004-09-02,None,"Grandstand, New York State Fairgrounds"
210,"Allentown, PA, US","Dream Theater at Allentown Fairgrounds (September 3, 2004)",40.6007854,-75.4942274,0.059226,2004-09-03,None,Allentown Fairgrounds
211,"Madison, WI, US","Dream Theater and Mike Portnoy at Barrymore Theatre (September 5, 2004)",43.092724,-89.3520712,0.059226,2004-09-05,None,Barrymore Theatre
212,"Minneapolis, MN, US","Dream Theater at Unknown venue (September 7, 2004)",45.1908533,-93.3007481,0.059226,2004-09-07,None,Unknown venue
213,"Minneapolis, MN, US","Dream Theater, Yes, and Mike Portnoy at Target Center (September 7, 2004)",44.979657,-93.274889,0.070531,2004-09-07,None,Target Center
214,"Merrillville, IN, US","Dream Theater and Mike Portnoy at Star Plaza Theatre (September 8, 2004)",41.4738885,-87.3305642,0.059226,2004-09-08,None,Star Plaza Theatre
215,"Denver, CO, US","Dream Theater at Unknown venue (September 10, 2004)",39.7392358,-104.990251,0.059226,2004-09-10,None,Unknown venue
216,"Morrison, CO, US","Dream Theater and Mike Portnoy at Red Rocks Amphitheatre (September 10, 2004)",39.6800052,-105.1972399,0.059226,2004-09-10,None,Red Rocks Amphitheatre
217,"Loveland, CO, US","Dream Theater at Unknown venue (September 11, 2004)",40.3977612,-105.0749801,0.059226,2004-09-11,None,Unknown venue
218,"Loveland, CO, US","Dream Theater, Yes, and Mike Portnoy at Budweiser Events Center (September 11, 2004)",40.4462135,-104.9925856,0.070531,2004-09-11,None,Budweiser Events Center
219,"Albuquerque, NM, US","Dream Theater at Unknown venue (September 13, 2004)",35.0853336,-106.6055534,0.059226,2004-09-13,None,Unknown venue
220,"Albuquerque, NM, US","Dream Theater, Yes, and Mike Portnoy at Sandia Casino Amphitheater (September 13, 2004)",35.2062152,-106.5641212,0.070531,2004-09-13,None,Sandia Casino Amphitheater
221,"Mesa, AZ, US","Dream Theater, Yes, and Mike Portnoy at Mesa Amphitheatre (September 14, 2004)",33.4195089,-111.8296328,0.070531,2004-09-14,None,Mesa Amphitheatre
222,"Concord, CA, US","Dream Theater and Mike Portnoy at Concord Pavilion (September 17, 2004)",37.960355,-121.939656,0.059226,2004-09-17,None,Concord Pavilion
223,"Universal City, CA, US","Yes and Dream Theater at Gibson Amphitheatre, Universal Studios Hollywood (September 19, 2004)",34.1380075,-118.3532429,0.070531,2004-09-19,None,"Gibson Amphitheatre, Universal Studios Hollywood"
224,"Fresno, CA, US","Dream Theater and Mike Portnoy at Selland Arena, Fresno Convention Center (July 21, 2005)",36.73345,-119.784214,0.059226,2005-07-21,None,"Selland Arena, Fresno Convention Center"
225,"Las Vegas, NV, US","Dream Theater and Mike Portnoy at Thomas & Mack Center (July 22, 2005)",36.102447,-115.147341,0.059226,2005-07-22,None,Thomas & Mack Center
226,"Phoenix, AZ, US","Dream Theater and Mike Portnoy at Ak-Chin Pavilion (July 23, 2005)",33.470823,-112.232875,0.059226,2005-07-23,None,Ak-Chin Pavilion
227,"Irvine, CA, US","Dream Theater and Mike Portnoy at Irvine Meadows Amphitheatre (July 24, 2005)",33.6370977,-117.7491055,0.059226,2005-07-24,None,Irvine Meadows Amphitheatre
228,"Sacramento, CA, US","Dream Theater and Mike Portnoy at The Cove At Cal Expo (July 26, 2005)",38.59268,-121.434113,0.059226,2005-07-26,None,The Cove At Cal Expo
229,"San Diego, CA, US","Dream Theater at Cal Coast Credit Union Open Air Theatre (July 28, 2005)",32.7727078,-117.0765114,0.059226,2005-07-28,None,Cal Coast Credit Union Open Air Theatre
230,"Albuquerque, NM, US","Dream Theater and Mike Portnoy at Hard Rock Pavilion (July 30, 2005)",34.9379864,-106.6623463,0.059226,2005-07-30,None,Hard Rock Pavilion
231,"San Antonio, TX, US","Dream Theater at Lonestar Pavilion at Sunset Station (August 1, 2005)",29.421264,-98.478012,0.059226,2005-08-01,None,Lonestar Pavilion at Sunset Station
232,"Grand Prairie, TX, US","Dream Theater and Mike Portnoy at Verizon Theatre at Grand Prairie (August 2, 2005)",32.766852,-96.983464,0.059226,2005-08-02,None,Verizon Theatre at Grand Prairie
233,"Corpus Christi, TX, US","Dream Theater and Mike Portnoy at Old Concrete Street Pavilion & Amphitheater (August 3, 2005)",27.8021385,-97.3975703,0.059226,2005-08-03,None,Old Concrete Street Pavilion & Amphitheater
234,"Duluth, GA, US","Dream Theater and Mike Portnoy at Infinite Energy Center (August 5, 2005)",33.9869191,-84.0907288,0.059226,2005-08-05,None,Infinite Energy Center
235,"Orlando, FL, US","Megadeth and Dream Theater with Fear Factory, The Dillinger Escape Plan, and 5 more… at Hard Rock Live (August 6, 2005)",28.4737032,-81.4673372,0.106982,2005-08-06,None,Hard Rock Live
236,"West Palm Beach, FL, US","Dream Theater and Mike Portnoy at Coral Sky Amphitheatre at the South Florida Fairgrounds (August 7, 2005)",26.685477,-80.186736,0.059226,2005-08-07,None,Coral Sky Amphitheatre at the South Florida Fairgrounds
237,"Tampa, FL, US","Megadeth and Dream Theater with Fear Factory, The Dillinger Escape Plan, and 5 more… at Amalie Arena (August 8, 2005)",27.9425879,-82.4519634,0.106982,2005-08-08,None,Amalie Arena
238,"Clarkston, MI, US","Dream Theater and Mike Portnoy at DTE Energy Music Theatre (August 10, 2005)",42.7510124,-83.380305,0.059226,2005-08-10,None,DTE Energy Music Theatre
239,"Clarkston, MI, US",Gigantour 2005,42.7510124,-83.380305,0.106982,2005-08-10,None,DTE Energy Music Theatre
240,"Fort Wayne, IN, US","Dream Theater and Mike Portnoy at Allen County War Memorial Coliseum (August 11, 2005)",41.1128071,-85.1254225,0.059226,2005-08-11,None,Allen County War Memorial Coliseum
241,"Tinley Park, IL, US","Mike Portnoy, Megadeth, and Dream Theater with Fear Factory and 6 more… at Hollywood Casino Amphitheatre (August 12, 2005)",41.5426102,-87.7711529,0.106982,2005-08-12,None,Hollywood Casino Amphitheatre
242,"Milwaukee, WI, US","Dream Theater and Mike Portnoy at The Rave/Eagles Club (August 13, 2005)",43.0381725,-87.9432826,0.059226,2005-08-13,None,The Rave/Eagles Club
243,"Milwaukee, WI, US",Gigantour 2005,43.0824328,-87.879523,0.106982,2005-08-13,None,Unknown venue
244,"Cleveland, OH, US","Megadeth and Dream Theater with The Dillinger Escape Plan, Fear Factory, and 4 more… at Time Warner Cable Amphitheater At Tower City (August 14, 2005)",41.4960564,-81.6945006,0.106982,2005-08-14,None,Time Warner Cable Amphitheater At Tower City
245,"Cincinnati, OH, US","Dream Theater and Mike Portnoy at Annie's (August 16, 2005)",39.100225,-84.431203,0.059226,2005-08-16,None,Annie's
246,"Pittsburgh, PA, US","Dream Theater and Mike Portnoy at Chevrolet Amphitheatre (August 17, 2005)",40.4310108,-80.0016673,0.059226,2005-08-17,None,Chevrolet Amphitheatre
247,"Pittsburgh, PA, US","Dream Theater with Nevermore and Symphony X at Station Square (August 17, 2005)",40.4330076,-80.0045618,0.059226,2005-08-17,None,Station Square
248,"Augusta, GA, US","Dream Theater and Mike Portnoy at William B. Bell Auditorium, Augusta-Richmond County Civic Center (August 19, 2005)",33.4699289,-81.9665203,0.059226,2005-08-19,None,"William B. Bell Auditorium, Augusta-Richmond County Civic Center"
249,"Manchester, NH, US","Dream Theater and Mike Portnoy at SNHU Arena (August 20, 2005)",42.9860207,-71.463052,0.059226,2005-08-20,None,SNHU Arena
250,"Poughkeepsie, NY, US","Dream Theater and Mike Portnoy at Mid Hudson Civic Center (August 21, 2005)",41.7049639,-73.929356,0.059226,2005-08-21,None,Mid Hudson Civic Center
251,"Wantagh, NY, US","Dream Theater and Mike Portnoy at Northwell Health at Jones Beach Theater (August 23, 2005)",40.6011406,-73.502518,0.059226,2005-08-23,None,Northwell Health at Jones Beach Theater
252,"Holmdel, NJ, US","Megadeth, Dream Theater, Fear Factory, Nevermore, and 6 more… at PNC Bank Arts Center (August 24, 2005)",39.9830657,-74.2135086,0.106982,2005-08-24,None,PNC Bank Arts Center
253,"Boston, MA, US","Dream Theater and Mike Portnoy at Blue Hills Bank Pavilion (August 26, 2005)",42.3486041,-71.0360352,0.059226,2005-08-26,None,Blue Hills Bank Pavilion
254,"Reading, PA, US","Dream Theater at Sovereign Performing Arts Center (August 27, 2005)",40.3378664,-75.9258341,0.059226,2005-08-27,None,Sovereign Performing Arts Center
255,"Atlantic City, NJ, US","Dream Theater and Mike Portnoy at House of Blues (August 28, 2005)",39.3617,-74.418414,0.059226,2005-08-28,None,House of Blues
256,"Darien Center, NY, US","Megadeth and Dream Theater with Fear Factory, Nevermore, and 4 more… at Darien Lake Performing Arts Center (August 30, 2005)",42.9131989,-78.3894454,0.106982,2005-08-30,None,Darien Lake Performing Arts Center
257,"Huntington, WV, US","Dream Theater and Mike Portnoy at Big Sandy Superstore Arena (August 31, 2005)",38.422229,-82.44698,0.059226,2005-08-31,None,Big Sandy Superstore Arena
258,"Phoenix, AZ, US","Dream Theater, Jordan Rudess, and Mike Portnoy at Dodge Theatre (March 6, 2006)",33.448775,-112.079564,0.05874,2006-03-06,None,Dodge Theatre
259,"Las Vegas, NV, US","Dream Theater, Jordan Rudess, and Mike Portnoy at House of Blues (March 7, 2006)",36.0922144,-115.1730276,0.05874,2006-03-07,None,House of Blues
260,"Anaheim, CA, US","Jordan Rudess, Mike Portnoy, and Dream Theater at City National Grove of Anaheim (March 9, 2006)",33.803124,-117.88594,0.05874,2006-03-09,None,City National Grove of Anaheim
261,"Hollywood, CA, US","Dream Theater, Jordan Rudess, and Mike Portnoy at Pantages Theatre (March 10, 2006)",34.102001,-118.325867,0.05874,2006-03-10,None,Pantages Theatre
262,"San Francisco, CA, US","Dream Theater, Jordan Rudess, and Mike Portnoy at The Warfield (March 11, 2006)",37.7826598,-122.4101811,0.05874,2006-03-11,None,The Warfield
263,"Salt Lake City, UT, US","Dream Theater and Jordan Rudess at Kingsbury Hall (March 13, 2006)",40.765023,-111.848931,0.05874,2006-03-13,None,Kingsbury Hall
264,"Denver, CO, US","Dream Theater, Jordan Rudess, Mike Portnoy, and Uncle John's Band at The Fillmore Auditorium (March 14, 2006)",39.7403904,-104.977259,0.05874,2006-03-14,None,The Fillmore Auditorium
265,"Minneapolis, MN, US","Dream Theater, Jordan Rudess, and Mike Portnoy at State Theatre (March 17, 2006)",44.9768522,-93.2760663,0.05874,2006-03-17,None,State Theatre
266,"Chicago, IL, US","Dream Theater, Jordan Rudess, and Mike Portnoy at Congress Theater (March 18, 2006)",41.919978,-87.6924257,0.05874,2006-03-18,None,Congress Theater
267,"Cleveland, OH, US","Dream Theater at Agora Theatre & Ballroom (March 19, 2006)",41.5036612,-81.653895,0.059226,2006-03-19,None,Agora Theatre & Ballroom
268,"Detroit, MI, US","Dream Theater and Jordan Rudess at The Fillmore Detroit (March 20, 2006)",42.3377981,-83.0515231,0.05874,2006-03-20,None,The Fillmore Detroit
269,"Asbury Park, NJ, US","Dream Theater, Jordan Rudess, and Mike Portnoy at Paramount Theatre (March 26, 2006)",40.2226184,-73.9991786,0.05874,2006-03-26,None,Paramount Theatre
270,"Upper Darby, PA, US","Dream Theater, Jordan Rudess, and Mike Portnoy at Tower Theatre (March 28, 2006)",39.9611539,-75.2589325,0.05874,2006-03-28,None,Tower Theatre
271,"Wallingford, CT, US","Dream Theater and Mike Portnoy at Toyota Presents the Oakdale Theatre (March 29, 2006)",41.4486599,-72.846188,0.059226,2006-03-29,None,Toyota Presents the Oakdale Theatre
272,"Boston, MA, US","Dream Theater, Jordan Rudess, and Mike Portnoy at Orpheum Theatre (March 30, 2006)",42.356246,-71.0610796,0.05874,2006-03-30,None,Orpheum Theatre
273,"New York, NY, US","Dream Theater at Radio City Music Hall (April 1, 2006)",40.760114,-73.980024,0.059226,2006-04-01,None,Radio City Music Hall
274,"San Diego, CA, US","Dream Theater at Cal Coast Credit Union Open Air Theatre (July 24, 2007)",32.7727078,-117.0765114,0.059226,2007-07-24,None,Cal Coast Credit Union Open Air Theatre
275,"Phoenix, AZ, US","Dream Theater and Mike Portnoy at Dodge Theatre (July 25, 2007)",33.448775,-112.079564,0.059226,2007-07-25,None,Dodge Theatre
276,"Universal City, CA, US","Jordan Rudess, Mike Portnoy, and Dream Theater with Into Eternity and 1 more… at Gibson Amphitheatre, Universal Studios Hollywood (July 27, 2007)",34.1380075,-118.3532429,0.05874,2007-07-27,None,"Gibson Amphitheatre, Universal Studios Hollywood"
277,"Berkeley, CA, US","Dream Theater, Jordan Rudess, and Mike Portnoy with Into Eternity and 1 more… at Berkeley Community Theatre (July 28, 2007)",37.8688166,-122.271559,0.05874,2007-07-28,None,Berkeley Community Theatre
278,"West Valley City, UT, US","Dream Theater and Mike Portnoy with Into Eternity and Redemption at Maverik Center (July 30, 2007)",40.70285,-111.950616,0.059226,2007-07-30,None,Maverik Center
279,"Denver, CO, US","Dream Theater, Jordan Rudess, and Mike Portnoy at Paramount Theatre (July 31, 2007)",39.744361,-104.99027,0.05874,2007-07-31,None,Paramount Theatre
280,"Grand Prairie, TX, US","Dream Theater, Jordan Rudess, and Mike Portnoy with Into Eternity and 1 more… at Verizon Theatre at Grand Prairie (August 2, 2007)",32.766852,-96.983464,0.05874,2007-08-02,None,Verizon Theatre at Grand Prairie
281,"Houston, TX, US","Dream Theater, Jordan Rudess, and Mike Portnoy at Verizon Wireless Theater (August 3, 2007)",29.7625893,-95.3668985,0.05874,2007-08-03,None,Verizon Wireless Theater
282,"Bee Cave, TX, US","Dream Theater and Mike Portnoy with Into Eternity and Redemption at The Backyard (August 4, 2007)",30.312563,-97.954133,0.059226,2007-08-04,None,The Backyard
283,"Kansas City, MO, US","Dream Theater, Jordan Rudess, and Mike Portnoy at Uptown Theater (August 6, 2007)",39.0611494,-94.5905256,0.05874,2007-08-06,None,Uptown Theater
284,"Milwaukee, WI, US","Jordan Rudess, Mike Portnoy, and Dream Theater with Into Eternity and 1 more… at Riverside Theatre (August 7, 2007)",43.0388875,-87.9109371,0.05874,2007-08-07,None,Riverside Theatre
285,"Minneapolis, MN, US","Dream Theater, Jordan Rudess, and Mike Portnoy at State Theatre (August 9, 2007)",44.9768522,-93.2760663,0.05874,2007-08-09,None,State Theatre
286,"Rosemont, IL, US","Dream Theater, Jordan Rudess, and Mike Portnoy at Rosemont Theatre (August 10, 2007)",41.9762359,-87.8643225,0.05874,2007-08-10,None,Rosemont Theatre
287,"Cleveland, OH, US","Dream Theater with Redemption and Into Eternity at Time Warner Cable Amphitheater At Tower City (August 11, 2007)",41.4960564,-81.6945006,0.059226,2007-08-11,None,Time Warner Cable Amphitheater At Tower City
288,"Detroit, MI, US","Dream Theater at The Fillmore Detroit (August 13, 2007)",42.3377981,-83.0515231,0.059226,2007-08-13,15:30:00,The Fillmore Detroit
289,"Baltimore, MD, US","Dream Theater and Mike Portnoy with Into Eternity and Redemption at Pier Six Pavilion (August 14, 2007)",39.284033,-76.604426,0.059226,2007-08-14,14:30:00,Pier Six Pavilion
290,"Buffalo, NY, US","Dream Theater at Center for the Arts, University at Buffalo (August 20, 2007)",43.0009707,-78.7830598,0.059226,2007-08-20,16:00:00,"Center for the Arts, University at Buffalo"
291,"Boston, MA, US","Dream Theater, Jordan Rudess, and Mike Portnoy at Blue Hills Bank Pavilion (August 21, 2007)",42.3486041,-71.0360352,0.05874,2007-08-21,16:00:00,Blue Hills Bank Pavilion
292,"Wallingford, CT, US","Dream Theater at Toyota Presents the Oakdale Theatre (August 22, 2007)",41.4486599,-72.846188,0.059226,2007-08-22,16:30:00,Toyota Presents the Oakdale Theatre
293,"Holmdel, NJ, US","Dream Theater with Redemption and Into Eternity at PNC Bank Arts Center (August 24, 2007)",39.9830657,-74.2135086,0.059226,2007-08-24,16:00:00,PNC Bank Arts Center
294,"Wantagh, NY, US","Dream Theater, Jordan Rudess, and Mike Portnoy with Redemption and 1 more… at Northwell Health at Jones Beach Theater (August 25, 2007)",40.6011406,-73.502518,0.05874,2007-08-25,17:00:00,Northwell Health at Jones Beach Theater
295,"Upper Darby, PA, US","Dream Theater with Into Eternity and Redemption at Tower Theatre (August 26, 2007)",39.9611539,-75.2589325,0.059226,2007-08-26,16:00:00,Tower Theatre
296,"Clearwater, FL, US","Dream Theater at Ruth Eckerd Hall (January 1, 2008)",27.976034,-82.704689,0.059226,2008-01-01,None,Ruth Eckerd Hall
297,"Universal City, CA, US","Dream Theater, Three, Jordan Rudess, Mike Portnoy, and 3 more… at Gibson Amphitheatre, Universal Studios Hollywood (May 2, 2008)",34.1380075,-118.3532429,0.05874,2008-05-02,20:15:00,"Gibson Amphitheatre, Universal Studios Hollywood"
298,"Oakland, CA, US","Jordan Rudess, Mike Portnoy, Three, Dream Theater, and 3 more… at Paramount Theatre (May 3, 2008)",37.8097055,-122.2682219,0.05874,2008-05-03,19:00:00,Paramount Theatre
299,"Seattle, WA, US","Dream Theater, Three, Jordan Rudess, Mike Portnoy, and 3 more… at WaMu Theater (May 5, 2008)",47.594181,-122.3332315,0.05874,2008-05-05,19:00:00,WaMu Theater
300,"Maplewood, MN, US","Three, Jordan Rudess, and Mike Portnoy with Dream Theater and 3 more… at Myth (May 12, 2008)",45.0347269,-93.0249397,0.05874,2008-05-12,17:00:00,Myth
301,"Rosemont, IL, US","Dream Theater, Opeth, and Three with Between The Buried And Me at Rosemont Theatre (May 13, 2008)",41.9762359,-87.8643225,0.059226,2008-05-13,17:00:00,Rosemont Theatre
302,"Detroit, MI, US","Three and Mike Portnoy with Dream Theater, Opeth, and 1 more… at The Fillmore Detroit (May 14, 2008)",42.3377981,-83.0515231,0.059226,2008-05-14,18:00:00,The Fillmore Detroit
303,"Millvale, PA, US","Opeth with Between The Buried And Me and Dream Theater at Mr. Small's Theatre (May 15, 2008)",40.481268,-79.97268,0.059226,2008-05-15,20:00:00,Mr. Small's Theatre
304,"Columbus, OH, US","Dream Theater with Three and 3 at Germain Amphitheater (May 16, 2008)",40.148319,-82.961581,0.059226,2008-05-16,16:00:00,Germain Amphitheater
305,"Columbus, OH, US","Dream Theater with Opeth, Between The Buried And Me, and 3 at EXPRESS LIVE! (May 16, 2008)",39.9696888,-83.009785,0.059226,2008-05-16,17:30:00,EXPRESS LIVE!
306,"Cleveland, OH, US","Dream Theater and Opeth with Three and Between The Buried And Me at Time Warner Cable Amphitheater At Tower City (May 17, 2008)",41.4960564,-81.6945006,0.059226,2008-05-17,16:00:00,Time Warner Cable Amphitheater At Tower City
307,"Albany, NY, US","Jordan Rudess, Mike Portnoy, Three, Dream Theater, and 2 more… at Washington Avenue Armory (May 18, 2008)",42.6564712,-73.7627523,0.05874,2008-05-18,None,Washington Avenue Armory
308,"Boston, MA, US","Dream Theater at Unknown venue (May 20, 2008)",42.3600825,-71.0588801,0.059226,2008-05-20,None,Unknown venue
309,"Boston, MA, US","Opeth, Jordan Rudess, Mike Portnoy, Three, and 2 more… at Orpheum Theatre (May 20, 2008)",42.356246,-71.0610796,0.05874,2008-05-20,None,Orpheum Theatre
310,"New York, NY, US","Dream Theater with Opeth, Between The Buried And Me, and 3 at Terminal 5 (May 21, 2008)",40.7706615,-73.9942689,0.059226,2008-05-21,16:00:00,Terminal 5
311,"New York, NY, US","Dream Theater and Three with Opeth, Between The Buried And Me, and 1 more… at Terminal 5 (May 22, 2008)",40.7706615,-73.9942689,0.059226,2008-05-22,16:00:00,Terminal 5
312,"Washington, DC, US","Three with Dream Theater, Opeth, and Between The Buried And Me at DAR Constitution Hall (May 26, 2008)",38.8936076,-77.0397162,0.059226,2008-05-26,16:00:00,DAR Constitution Hall
313,"Richmond, VA, US","Dream Theater and Opeth with 3 and Between The Buried And Me at The National (May 27, 2008)",37.5417961,-77.4353949,0.059226,2008-05-27,16:00:00,The National
314,"Atlanta, GA, US","Three with Dream Theater, Opeth, and Between The Buried And Me at The Tabernacle (May 28, 2008)",33.7586987,-84.3914615,0.059226,2008-05-28,19:00:00,The Tabernacle
315,"Miami Beach, FL, US","Dream Theater, Three, 3, Jordan Rudess, and 2 more… at Fillmore Miami Beach at the Jackie Gleason Theater (May 30, 2008)",25.792917,-80.13314,0.058119,2008-05-30,16:00:00,Fillmore Miami Beach at the Jackie Gleason Theater
316,"Miami, FL, US","Dream Theater at Unknown venue (May 30, 2008)",25.7616798,-80.1917902,0.059226,2008-05-30,None,Unknown venue
317,"Orlando, FL, US","Dream Theater with Opeth, Between The Buried And Me, and Three at Hard Rock Live (May 31, 2008)",28.4737032,-81.4673372,0.059226,2008-05-31,None,Hard Rock Live
318,"Clearwater, FL, US","Dream Theater with Opeth, Between The Buried And Me, and Three at Ruth Eckerd Hall (June 1, 2008)",27.976034,-82.704689,0.059226,2008-06-01,16:00:00,Ruth Eckerd Hall
319,"New York, NY, US","Dream Theater at Unknown venue (June 23, 2008)",40.7127837,-74.0059413,0.059226,2008-06-23,None,Unknown venue
320,"Chicago, IL, US","Dream Theater and Jordan Rudess at Park West (June 25, 2008)",41.9184444,-87.6373875,0.05874,2008-06-25,None,Park West
321,"Miami Beach, FL, US","Dream Theater with Beardfish, Pain of Salvation, Dweezil Zappa, and 2 more… at Fillmore Miami Beach at the Jackie Gleason Theater (July 24, 2009)",25.792917,-80.13314,0.058119,2009-07-24,19:00:00,Fillmore Miami Beach at the Jackie Gleason Theater
322,"Orlando, FL, US","Dream Theater with Dweezil Zappa, Bigelf, and Scale The Summit at Hard Rock Live (July 25, 2009)",28.4737032,-81.4673372,0.059226,2009-07-25,None,Hard Rock Live
323,"Clearwater, FL, US","Dream Theater with Dweezil Zappa, Bigelf, and Scale The Summit at Ruth Eckerd Hall (July 26, 2009)",27.976034,-82.704689,0.059226,2009-07-26,None,Ruth Eckerd Hall
324,"Atlanta, GA, US","Dream Theater with Dweezil Zappa, Pain of Salvation, Beardfish, and 2 more… at The Tabernacle (July 28, 2009)",33.7586987,-84.3914615,0.05889,2009-07-28,18:00:00,The Tabernacle
325,"Asheville, NC, US","Dream Theater with Pain of Salvation, Dweezil Zappa, and Beardfish at Thomas Wolfe Auditorium, US Cellular Center (July 29, 2009)",35.597471,-82.555289,0.05889,2009-07-29,None,"Thomas Wolfe Auditorium, US Cellular Center"
326,"Upper Darby, PA, US","Dream Theater with Dweezil Zappa, Pain of Salvation, Beardfish, and 2 more… at Tower Theatre (July 31, 2009)",39.9611539,-75.2589325,0.05889,2009-07-31,19:00:00,Tower Theatre
327,"Columbia, MD, US","Dream Theater at Merriweather Post Pavilion (August 1, 2009)",39.2087707,-76.8627794,0.059226,2009-08-01,16:30:00,Merriweather Post Pavilion
328,"Boston, MA, US","Dream Theater with Dweezil Zappa, Bigelf, and Scale The Summit at Blue Hills Bank Pavilion (August 2, 2009)",42.3486041,-71.0360352,0.059226,2009-08-02,18:00:00,Blue Hills Bank Pavilion
329,"Albany, NY, US","Dream Theater at Palace Theatre (August 4, 2009)",42.6546302,-73.7504122,0.059226,2009-08-04,18:30:00,Palace Theatre
330,"Wallingford, CT, US","Dream Theater with Dweezil Zappa, Pain of Salvation, Beardfish, and 2 more… at Toyota Presents the Oakdale Theatre (August 5, 2009)",41.4486599,-72.846188,0.05889,2009-08-05,18:30:00,Toyota Presents the Oakdale Theatre
331,"Asbury Park, NJ, US","Dream Theater with Dweezil Zappa, Pain of Salvation, Beardfish, and 2 more… at Asbury Park Convention Hall (August 7, 2009)",40.223748,-73.999011,0.05889,2009-08-07,18:00:00,Asbury Park Convention Hall
332,"Farmingville, NY, US","Dream Theater at BMHMC Amphitheater at Bald Hill (August 8, 2009)",40.8449127,-73.021203,0.058102,2009-08-08,18:00:00,BMHMC Amphitheater at Bald Hill
333,"New York, NY, US","Dream Theater with Dweezil Zappa, Bigelf, and Scale The Summit at Beacon Theatre (August 9, 2009)",40.7760381,-73.9820377,0.059226,2009-08-09,18:00:00,Beacon Theatre
334,"San Jose, CA, US","Dream Theater with Bigelf and Scale The Summit at City National Civic (August 19, 2009)",37.3306455,-121.8895618,0.059226,2009-08-19,None,City National Civic
335,"Minneapolis, MN, US","Dream Theater with Dweezil Zappa, Bigelf, and Scale The Summit at Orpheum Theatre (August 21, 2009)",44.976396,-93.277509,0.059226,2009-08-21,18:00:00,Orpheum Theatre
336,"Milwaukee, WI, US","Dream Theater at Riverside Theatre (August 22, 2009)",43.0388875,-87.9109371,0.059226,2009-08-22,None,Riverside Theatre
337,"Chicago, IL, US","Scale The Summit, Big Elf, and Dream Theater with Dweezil Zappa and 2 more… at Chicago Theatre (August 23, 2009)",41.88537,-87.627457,0.05889,2009-08-23,18:00:00,Chicago Theatre
338,"Denver, CO, US","Dream Theater at Buell Theatre (August 25, 2009)",39.7446847,-104.9980738,0.059226,2009-08-25,18:00:00,Buell Theatre
339,"San Jose, CA, US","Dream Theater at City National Civic (August 27, 2009)",37.3306455,-121.8895618,0.059226,2009-08-27,18:00:00,City National Civic
340,"Las Vegas, NV, US","Dream Theater with George Clinton, Bigelf, Scale The Summit, and 1 more… at The Joint, Hard Rock Hotel & Casino (August 28, 2009)",36.1090109,-115.1538512,0.059226,2009-08-28,21:00:00,"The Joint, Hard Rock Hotel & Casino"
341,"Los Angeles, CA, US","Dream Theater with Bigelf, Scale The Summit, and Dweezil Zappa at Greek Theatre (August 29, 2009)",34.1180501,-118.2938303,0.059226,2009-08-29,17:30:00,Greek Theatre
342,"South Hackensack, NJ, US","Dream Theater with Ozzy at School of Rock - South Hackensack (May 23, 2010)",40.8707484,-74.0521075,0.059226,2010-05-23,13:00:00,School of Rock - South Hackensack
343,"Dallas, TX, US","Iron Maiden with Dream Theater at Gexa Energy Pavilion (June 9, 2010)",32.7740979,-96.7568521,0.171846,2010-06-09,19:30:00,Gexa Energy Pavilion
344,"The Woodlands, TX, US","Iron Maiden and Dream Theater at Cynthia Woods Mitchell Pavilion (June 11, 2010)",30.161593,-95.464029,0.171846,2010-06-11,19:30:00,Cynthia Woods Mitchell Pavilion
345,"San Antonio, TX, US","Iron Maiden and Dream Theater at AT&T Center (June 12, 2010)",29.4270165,-98.4373167,0.171846,2010-06-12,19:30:00,AT&T Center
346,"Greenwood Village, CO, US","Iron Maiden and Dream Theater at Fiddler's Green Amphitheatre (June 14, 2010)",39.6008082,-104.8944165,0.171846,2010-06-14,19:30:00,Fiddler's Green Amphitheatre
347,"Albuquerque, NM, US","Iron Maiden with Dream Theater at Hard Rock Pavilion (June 16, 2010)",34.9379864,-106.6623463,0.171846,2010-06-16,19:30:00,Hard Rock Pavilion
348,"Phoenix, AZ, US","Iron Maiden and Dream Theater at Ak-Chin Pavilion (June 17, 2010)",33.470823,-112.232875,0.171846,2010-06-17,19:30:00,Ak-Chin Pavilion
349,"San Bernardino, CA, US","Iron Maiden with Dream Theater at Glen Helen Amphitheater (June 19, 2010)",34.2044123,-117.4022991,0.171846,2010-06-19,19:30:00,Glen Helen Amphitheater
350,"Concord, CA, US","Iron Maiden with Dream Theater at Concord Pavilion (June 20, 2010)",37.960355,-121.939656,0.171846,2010-06-20,19:30:00,Concord Pavilion
351,"Portland, OR, US","Dream Theater at Roseland Theater (June 21, 2010)",45.5233129,-122.6764367,0.059226,2010-06-21,20:00:00,Roseland Theater
352,"Auburn, WA, US","Iron Maiden with Dream Theater at White River Amphitheatre (June 22, 2010)",47.2374581,-122.1120309,0.171846,2010-06-22,19:30:00,White River Amphitheatre
353,"Columbus, OH, US","Dream Theater with Beatallica at Newport Music Hall (July 2, 2010)",39.997525,-83.0074283,0.059226,2010-07-02,19:00:00,Newport Music Hall
354,"Buffalo, NY, US","Dream Theater and ZO2 at Town Ballroom (July 5, 2010)",42.893094,-78.871579,0.059226,2010-07-05,19:00:00,Town Ballroom
355,"Worcester, MA, US","Dream Theater with Charred Walls of the Damned and Don Jamieson at Palladium (July 10, 2010)",42.2667443,-71.8008124,0.059226,2010-07-10,20:00:00,Palladium
356,"Holmdel, NJ, US","Iron Maiden and Dream Theater at PNC Bank Arts Center (July 11, 2010)",39.9830657,-74.2135086,0.171846,2010-07-11,19:30:00,PNC Bank Arts Center
357,"New York, NY, US","Iron Maiden with Dream Theater at Madison Square Garden (July 12, 2010)",40.7497096,-73.991556,0.17102,2010-07-12,None,Madison Square Garden
358,"Burgettstown, PA, US","Iron Maiden and Dream Theater at Keybank Pavilion (July 14, 2010)",40.4197818,-80.4342124,0.171846,2010-07-14,19:30:00,Keybank Pavilion
359,"Cuyahoga Falls, OH, US","Iron Maiden with Dream Theater at Blossom Music Center (July 15, 2010)",41.1913469,-81.5607834,0.171846,2010-07-15,19:30:00,Blossom Music Center
360,"Clarkston, MI, US","Iron Maiden and Dream Theater at DTE Energy Music Theatre (July 17, 2010)",42.7510124,-83.380305,0.171846,2010-07-17,19:30:00,DTE Energy Music Theatre
361,"Tinley Park, IL, US","Iron Maiden and Dream Theater at Hollywood Casino Amphitheatre (July 18, 2010)",41.5426102,-87.7711529,0.171846,2010-07-18,19:30:00,Hollywood Casino Amphitheatre
362,"Bristow, VA, US","Iron Maiden with Dream Theater at Jiffy Lube Live (July 20, 2010)",38.786011,-77.587845,0.171846,2010-07-20,19:30:00,Jiffy Lube Live
363,"San Francisco, CA, US","Dream Theater with Trivium at The Warfield (September 24, 2011)",37.78266,-122.41018,0.057872,2011-09-24,20:00:00,The Warfield
364,"Los Angeles, CA, US","Dream Theater with Trivium at Microsoft Theater (September 25, 2011)",34.04429,-118.2656,0.057872,2011-09-25,20:00:00,Microsoft Theater
365,"Seattle, WA, US","Dream Theater with Trivium at Showbox SoDo (September 27, 2011)",47.58791,-122.33401,0.057872,2011-09-27,20:30:00,Showbox SoDo
366,"Salt Lake City, UT, US","Dream Theater at Kingsbury Hall (September 30, 2011)",40.765023,-111.848931,0.059226,2011-09-30,19:30:00,Kingsbury Hall
367,"Rosemont, IL, US","Dream Theater with Trivium at Rosemont Theatre (October 2, 2011)",41.97624,-87.86432,0.057872,2011-10-02,19:00:00,Rosemont Theatre
368,"Royal Oak, MI, US","Dream Theater with Trivium at Royal Oak Music Theatre (October 3, 2011)",42.48733,-83.14743,0.057872,2011-10-03,19:00:00,Royal Oak Music Theatre
369,"Boston, MA, US","Dream Theater with Trivium at Orpheum Theatre (October 10, 2011)",42.35625,-71.06108,0.057872,2011-10-10,20:00:00,Orpheum Theatre
370,"Morristown, NJ, US","Dream Theater at Mayo Performing Arts Center (October 11, 2011)",40.794271,-74.47796,0.059226,2011-10-11,20:00:00,Mayo Performing Arts Center
371,"New York, NY, US","Dream Theater at Beacon Theatre (October 12, 2011)",40.7760381,-73.9820377,0.059226,2011-10-12,20:00:00,Beacon Theatre
372,"Albany, NY, US","Dream Theater at Palace Theatre (October 15, 2011)",42.6546302,-73.7504122,0.059226,2011-10-15,20:00:00,Palace Theatre
373,"Philadelphia, PA, US","Dream Theater at Merriam Theater, Kimmel Center (October 16, 2011)",39.947645,-75.165187,0.059226,2011-10-16,19:30:00,"Merriam Theater, Kimmel Center"
374,"Washington, DC, US","Dream Theater with Trivium at Warner Theatre (October 17, 2011)",38.89628,-77.02828,0.057872,2011-10-17,20:00:00,Warner Theatre
375,"Atlanta, GA, US","Dream Theater with Trivium at The Tabernacle (October 19, 2011)",33.7587,-84.39146,0.057872,2011-10-19,20:00:00,The Tabernacle
376,"Pompano Beach, FL, US","Dream Theater at Pompano Beach Amphitheater (October 21, 2011)",26.2378597,-80.1247667,0.059226,2011-10-21,19:00:00,Pompano Beach Amphitheater
377,"Clearwater, FL, US","Dream Theater at Ruth Eckerd Hall (October 22, 2011)",27.976034,-82.704689,0.059226,2011-10-22,20:00:00,Ruth Eckerd Hall
378,"Orlando, FL, US","Dream Theater with Trivium at Hard Rock Live (October 23, 2011)",28.4737,-81.46734,0.057872,2011-10-23,20:00:00,Hard Rock Live
379,"Houston, TX, US","Dream Theater at Verizon Wireless Theater (October 25, 2011)",29.7625893,-95.3668985,0.059226,2011-10-25,20:00:00,Verizon Wireless Theater
380,"Austin, TX, US","Dream Theater with Trivium at Bass Concert Hall, University of Texas (October 26, 2011)",30.2851,-97.73065,0.057872,2011-10-26,20:00:00,"Bass Concert Hall, University of Texas"
381,"Grand Prairie, TX, US","Dream Theater at Verizon Theatre at Grand Prairie (October 27, 2011)",32.766852,-96.983464,0.059226,2011-10-27,20:00:00,Verizon Theatre at Grand Prairie
382,"San Diego, CA, US","Dream Theater with Andy McKee at Balboa Theatre (December 1, 2011)",32.714329,-117.161364,0.059226,2011-12-01,20:00:00,Balboa Theatre
383,"Anaheim, CA, US","Dream Theater at City National Grove of Anaheim (December 2, 2011)",33.803124,-117.88594,0.059226,2011-12-02,21:00:00,City National Grove of Anaheim
384,"Mesa, AZ, US","Dream Theater with Andy McKee at Mesa Arts Center (December 4, 2011)",33.4149286,-111.8295746,0.059226,2011-12-04,20:00:00,Mesa Arts Center
385,"Rochester, NY, US","Dream Theater with Dark Day Sunday at Main Street Armory (June 15, 2012)",43.162057,-77.58815,0.059226,2012-06-15,20:00:00,Main Street Armory
386,"Lewiston, NY, US","Dream Theater at Artpark (June 17, 2012)",43.1656622,-79.045296,0.059226,2012-06-17,19:30:00,Artpark
387,"Columbus, OH, US","Dream Theater with Crimson Projekt at EXPRESS LIVE! (June 19, 2012)",39.9696888,-83.009785,0.059226,2012-06-19,18:30:00,EXPRESS LIVE!
388,"Cleveland, OH, US","Dream Theater with Crimson Projekct at Jacobs Pavilion at Nautica (June 21, 2012)",41.496352,-81.702957,0.059226,2012-06-21,19:30:00,Jacobs Pavilion at Nautica
389,"Detroit, MI, US","Dream Theater with Crimson Projekct at The Fillmore Detroit (June 22, 2012)",42.3377981,-83.0515231,0.059226,2012-06-22,19:00:00,The Fillmore Detroit
390,"Chicago, IL, US","Dream Theater with Crimson Projekct at Chicago Theatre (June 23, 2012)",41.88537,-87.627457,0.059226,2012-06-23,19:30:00,Chicago Theatre
391,"Cincinnati, OH, US","Dream Theater with Crimson Projekct at Taft Theatre (June 25, 2012)",39.101621,-84.507227,0.059226,2012-06-25,19:30:00,Taft Theatre
392,"Minneapolis, MN, US","Dream Theater with Kristin Chenoweth at State Theatre (June 26, 2012)",44.9768522,-93.2760663,0.059065,2012-06-26,20:00:00,State Theatre
393,"Minneapolis, MN, US","Dream Theater with Crimson Projekct at State Theatre (June 27, 2012)",44.9768522,-93.2760663,0.059226,2012-06-27,19:30:00,State Theatre
394,"Kansas City, MO, US","Dream Theater with Crimson Projekct at Starlight Theatre (June 28, 2012)",39.006963,-94.5315046,0.059226,2012-06-28,19:30:00,Starlight Theatre
395,"San Francisco, CA, US","Dream Theater at The Warfield (July 1, 2012)",37.7826598,-122.4101811,0.059226,2012-07-01,20:00:00,The Warfield
396,"Universal City, CA, US","Dream Theater with Crimson Projekct at Gibson Amphitheatre, Universal Studios Hollywood (July 2, 2012)",34.1380075,-118.3532429,0.059226,2012-07-02,19:45:00,"Gibson Amphitheatre, Universal Studios Hollywood"
397,"Anaheim, CA, US","Dream Theater at City National Grove of Anaheim (July 3, 2012)",33.803124,-117.88594,0.059226,2012-07-03,20:00:00,City National Grove of Anaheim
398,"El Paso, TX, US","Dream Theater with Crimson Projekct at Abraham Chavez Theatre (July 5, 2012)",31.758915,-106.492664,0.059226,2012-07-05,19:30:00,Abraham Chavez Theatre
399,"San Antonio, TX, US","Dream Theater with Crimson Projekct at Majestic Theatre (July 6, 2012)",29.4264884,-98.4906252,0.059226,2012-07-06,19:30:00,Majestic Theatre
400,"Austin, TX, US","Dream Theater at Austin City Limits Live at The Moody Theater (July 7, 2012)",30.2653712,-97.7472955,0.059226,2012-07-07,18:00:00,Austin City Limits Live at The Moody Theater
401,"Grand Prairie, TX, US","Dream Theater with The Crimson Projeckt at Verizon Theatre at Grand Prairie (July 9, 2012)",32.766852,-96.983464,0.059226,2012-07-09,19:30:00,Verizon Theatre at Grand Prairie
402,"Richmond, VA, US","Dream Theater with Crimson Projekct at The National (July 12, 2012)",37.5417961,-77.4353949,0.059226,2012-07-12,None,The National
403,"Washington, DC, US","Dream Theater at Warner Theatre (July 13, 2012)",38.8962768,-77.0282793,0.059226,2012-07-13,19:30:00,Warner Theatre
404,"Holmdel, NJ, US","Dream Theater at PNC Bank Arts Center (July 14, 2012)",39.9830657,-74.2135086,0.059226,2012-07-14,18:50:00,PNC Bank Arts Center
405,"Boston, MA, US","Dream Theater with King Crimson and Crimson Projekct at Blue Hills Bank Pavilion (July 16, 2012)",42.3486041,-71.0360352,0.059226,2012-07-16,19:30:00,Blue Hills Bank Pavilion
406,"Huntington, NY, US","Dream Theater with Crimson Projekct at Paramount Theatre (July 18, 2012)",40.86974,-73.4257977,0.059226,2012-07-18,20:00:00,Paramount Theatre
407,"Huntington, NY, US","Dream Theater at Paramount Theatre (July 19, 2012)",40.86974,-73.4257977,0.059226,2012-07-19,20:00:00,Paramount Theatre
408,"Boston, MA, US","Dream Theater at Boston Opera House (March 25, 2014)",42.3539536,-71.062204,0.059226,2014-03-25,19:30:00,Boston Opera House
409,"Upper Darby, PA, US","Dream Theater at Tower Theatre (March 27, 2014)",39.9611539,-75.2589325,0.059226,2014-03-27,20:00:00,Tower Theatre
410,"New York, NY, US","Dream Theater at Manhattan Center Hammerstein Ballroom (March 28, 2014)",40.7528457,-73.9941767,0.059226,2014-03-28,20:00:00,Manhattan Center Hammerstein Ballroom
411,"Huntington, NY, US","Dream Theater at Paramount Theatre (March 30, 2014)",40.86974,-73.4257977,0.059226,2014-03-30,20:00:00,Paramount Theatre
412,"Red Bank, NJ, US","Dream Theater at Count Basie Center for the Arts (March 31, 2014)",40.3488692,-74.0701263,0.058236,2014-03-31,20:00:00,Count Basie Center for the Arts
413,"Washington, DC, US","Dream Theater at Lincoln Theatre (April 1, 2014)",38.9174,-77.028992,0.059226,2014-04-01,19:00:00,Lincoln Theatre
414,"Greensburg, PA, US","Dream Theater at Palace Theatre (April 2, 2014)",40.3034411,-79.5454085,0.059226,2014-04-02,20:00:00,Palace Theatre
415,"Detroit, MI, US","Dream Theater at The Fillmore Detroit (April 4, 2014)",42.3377981,-83.0515231,0.059226,2014-04-04,19:00:00,The Fillmore Detroit
416,"Chicago, IL, US","Dream Theater at Chicago Theatre (April 5, 2014)",41.88537,-87.627457,0.059226,2014-04-05,20:00:00,Chicago Theatre
417,"Milwaukee, WI, US","Dream Theater at Riverside Theatre (April 6, 2014)",43.0388875,-87.9109371,0.059226,2014-04-06,20:00:00,Riverside Theatre
418,"Burnsville, MN, US","Dream Theater at Proscenium Stage, Ames Center (April 8, 2014)",44.7758378,-93.2684215,0.059226,2014-04-08,20:00:00,"Proscenium Stage, Ames Center"
419,"Kansas City, MO, US","Dream Theater at Uptown Theater (April 9, 2014)",39.0611494,-94.5905256,0.059226,2014-04-09,20:00:00,Uptown Theater
420,"Denver, CO, US","Dream Theater at Paramount Theatre (April 10, 2014)",39.744361,-104.99027,0.059226,2014-04-10,19:30:00,Paramount Theatre
421,"Seattle, WA, US","Dream Theater at McCaw Hall, Seattle Center (April 14, 2014)",47.6245539,-122.3505239,0.059226,2014-04-14,19:30:00,"McCaw Hall, Seattle Center"
422,"Salem, OR, US","Dream Theater at Elsinore Theatre (April 15, 2014)",44.9389257,-123.0373174,0.059226,2014-04-15,20:00:00,Elsinore Theatre
423,"San Francisco, CA, US","Dream Theater at The Warfield (April 17, 2014)",37.7826598,-122.4101811,0.059226,2014-04-17,20:00:00,The Warfield
424,"Riverside, CA, US","Dream Theater at Fox Performing Arts Center (April 18, 2014)",33.9839849,-117.375176,0.059226,2014-04-18,20:00:00,Fox Performing Arts Center
425,"Los Angeles, CA, US","Dream Theater at Orpheum Theatre (April 19, 2014)",34.0426711,-118.2555326,0.059226,2014-04-19,20:00:00,Orpheum Theatre
426,"Mesa, AZ, US","Dream Theater at Tom and Janet Ikeda Theater, Mesa Arts Center (April 20, 2014)",33.4149286,-111.8295746,0.059226,2014-04-20,19:30:00,"Tom and Janet Ikeda Theater, Mesa Arts Center"
427,"Albany, NY, US","Dream Theater at Palace Theatre (April 18, 2016)",42.6546302,-73.7504122,0.059226,2016-04-18,None,Palace Theatre
428,"Boston, MA, US","Dream Theater at Orpheum Theatre (April 19, 2016)",42.356246,-71.0610796,0.059226,2016-04-19,None,Orpheum Theatre
429,"Wallingford, CT, US","Dream Theater at Toyota Presents the Oakdale Theatre (April 20, 2016)",41.4486599,-72.846188,0.059226,2016-04-20,None,Toyota Presents the Oakdale Theatre
430,"Upper Darby, PA, US","Dream Theater at Tower Theatre (April 22, 2016)",39.9611539,-75.2589325,0.059226,2016-04-22,20:00:00,Tower Theatre
431,"New York, NY, US","Dream Theater at Radio City Music Hall (April 23, 2016)",40.760114,-73.980024,0.059226,2016-04-23,None,Radio City Music Hall
432,"Baltimore, MD, US","Dream Theater at Hippodrome Theatre, France-Merrick Performing Arts Center (April 24, 2016)",39.2896248,-76.6210703,0.059226,2016-04-24,None,"Hippodrome Theatre, France-Merrick Performing Arts Center"
433,"Greensburg, PA, US","Dream Theater at Palace Theatre (April 26, 2016)",40.3034411,-79.5454085,0.059226,2016-04-26,19:30:00,Palace Theatre
434,"Cincinnati, OH, US","Dream Theater at Taft Theatre (April 27, 2016)",39.101621,-84.507227,0.059226,2016-04-27,None,Taft Theatre
435,"Royal Oak, MI, US","Dream Theater at Royal Oak Music Theatre (April 29, 2016)",42.4873251,-83.1474339,0.059226,2016-04-29,19:00:00,Royal Oak Music Theatre
436,"Chicago, IL, US","Dream Theater at Chicago Theatre (April 30, 2016)",41.88537,-87.627457,0.059226,2016-04-30,None,Chicago Theatre
437,"Minneapolis, MN, US","Dream Theater at State Theatre (May 1, 2016)",44.9768522,-93.2760663,0.059226,2016-05-01,None,State Theatre
438,"Denver, CO, US","Dream Theater at Paramount Theatre (May 3, 2016)",39.744361,-104.99027,0.059226,2016-05-03,None,Paramount Theatre
439,"Mesa, AZ, US","Dream Theater at Tom and Janet Ikeda Theater, Mesa Arts Center (May 5, 2016)",33.4149286,-111.8295746,0.059226,2016-05-05,19:30:00,"Tom and Janet Ikeda Theater, Mesa Arts Center"
440,"Los Angeles, CA, US","Dream Theater at The Wiltern (May 6, 2016)",34.0619389,-118.3088392,0.059226,2016-05-06,None,The Wiltern
441,"Los Angeles, CA, US","Dream Theater at The Wiltern (May 7, 2016)",34.0619389,-118.3088392,0.059226,2016-05-07,None,The Wiltern
442,"Oakland, CA, US","Dream Theater at Fox Theater (May 8, 2016)",37.8078474,-122.2699981,0.059226,2016-05-08,None,Fox Theater
443,"Portland, OR, US","Dream Theater at Arlene Schnitzer Concert Hall (May 10, 2016)",45.5168547,-122.6811831,0.059226,2016-05-10,None,Arlene Schnitzer Concert Hall
444,"Seattle, WA, US","Dream Theater at Paramount Theatre (May 11, 2016)",47.613296,-122.33139,0.059226,2016-05-11,None,Paramount Theatre
445,"Bethlehem, PA, US","Dream Theater at Sands Bethlehem Event Center (October 5, 2016)",40.6143211,-75.3569211,0.059226,2016-10-05,None,Sands Bethlehem Event Center
446,"Wilkes-barre, PA, US","Dream Theater at F.M. Kirby Center for the Performing Arts (October 7, 2016)",41.2453999,-75.8818077,0.059226,2016-10-07,20:00:00,F.M. Kirby Center for the Performing Arts
447,"Hershey, PA, US","Dream Theater at The Hershey Theatre (October 8, 2016)",40.2850064,-76.6486924,0.059226,2016-10-08,None,The Hershey Theatre
448,"Concord, NH, US","Dream Theater at Capitol Center for the Arts (October 10, 2016)",43.201245,-71.5348659,0.059226,2016-10-10,None,Capitol Center for the Arts
449,"Burlington, VT, US","Dream Theater at Flynn Center for the Performing Arts (October 12, 2016)",44.4757947,-73.2130399,0.059226,2016-10-12,None,Flynn Center for the Performing Arts
450,"Greenvale, NY, US","Dream Theater at Tilles Center for the Performing Arts (October 17, 2016)",40.8171734,-73.5976826,0.059226,2016-10-17,None,Tilles Center for the Performing Arts
451,"Worcester, MA, US","Dream Theater at Hanover Theatre for the Performing Arts (October 18, 2016)",42.2613659,-71.803569,0.059226,2016-10-18,None,Hanover Theatre for the Performing Arts
452,"Newark, NJ, US","Dream Theater at New Jersey Performing Arts Center (NJPAC) (October 19, 2016)",40.7401103,-74.1673925,0.059226,2016-10-19,None,New Jersey Performing Arts Center (NJPAC)
453,"Portland, ME, US","Dream Theater at Merrill Auditorium, Portland City Hall (October 21, 2016)",43.6595228,-70.2571026,0.059226,2016-10-21,None,"Merrill Auditorium, Portland City Hall"
454,"Port Chester, NY, US","Dream Theater at Capitol Theatre (October 22, 2016)",41.001397,-73.6654978,0.059226,2016-10-22,None,Capitol Theatre
455,"Grand Rapids, MI, US","Dream Theater at DeVos Performance Hall (October 24, 2016)",42.9685919,-85.6724799,0.059226,2016-10-24,20:00:00,DeVos Performance Hall
456,"Lakewood, OH, US","Dream Theater at Lakewood Civic Auditorium (October 25, 2016)",41.5161162,-82.9965425,0.059226,2016-10-25,19:30:00,Lakewood Civic Auditorium
457,"Toledo, OH, US","Dream Theater at Stranahan Theatre (October 27, 2016)",41.593603,-83.654321,0.059226,2016-10-27,None,Stranahan Theatre
458,"Louisville, KY, US","Dream Theater at Louisville Palace (October 28, 2016)",38.2478229,-85.757526,0.059226,2016-10-28,None,Louisville Palace
459,"Merrillville, IN, US","Dream Theater at Star Plaza Theatre (October 29, 2016)",41.4738885,-87.3305642,0.059226,2016-10-29,None,Star Plaza Theatre
460,"Indianapolis, IN, US","Dream Theater at Murat Theatre, Old National Centre (October 31, 2016)",39.774645,-86.151498,0.059226,2016-10-31,None,"Murat Theatre, Old National Centre"
461,"Milwaukee, WI, US","Dream Theater at Riverside Theatre (November 1, 2016)",43.0388875,-87.9109371,0.059226,2016-11-01,None,Riverside Theatre
462,"Columbus, OH, US","Dream Theater at Palace Theatre (November 5, 2016)",39.9622666,-83.0016924,0.059226,2016-11-05,19:30:00,Palace Theatre
463,"St Louis, MO, US","Dream Theater at Peabody Opera House (November 6, 2016)",38.6280674,-90.2010821,0.059226,2016-11-06,None,Peabody Opera House
464,"Kansas City, MO, US","Dream Theater at Arvest Bank Theatre at The Midland (November 7, 2016)",39.0988516,-94.5834597,0.059226,2016-11-07,None,Arvest Bank Theatre at The Midland
465,"San Antonio, TX, US","Dream Theater at Tobin Center for the Performing Arts (November 9, 2016)",29.430528,-98.4887678,0.059226,2016-11-09,None,Tobin Center for the Performing Arts
466,"Corpus Christi, TX, US","Dream Theater at Selena Auditorium At the American Bank Center (November 10, 2016)",27.8088984,-97.3935427,0.059226,2016-11-10,None,Selena Auditorium At the American Bank Center
467,"Tulsa, OK, US","Dream Theater at Brady Theater (November 12, 2016)",36.1578076,-95.9952111,0.059226,2016-11-12,None,Brady Theater
468,"Grand Prairie, TX, US","Dream Theater at Verizon Theatre at Grand Prairie (November 13, 2016)",32.766852,-96.983464,0.059226,2016-11-13,None,Verizon Theatre at Grand Prairie
469,"Tucson, AZ, US","Dream Theater at Centennial Hall, University of Arizona (November 15, 2016)",32.231489,-110.955434,0.059226,2016-11-15,19:30:00,"Centennial Hall, University of Arizona"
470,"Anaheim, CA, US","Dream Theater at City National Grove of Anaheim (November 16, 2016)",33.803124,-117.88594,0.059226,2016-11-16,None,City National Grove of Anaheim
471,"Temecula, CA, US","Dream Theater at Pechanga Resort & Casino (November 18, 2016)",33.455577,-117.1059,0.059226,2016-11-18,None,Pechanga Resort & Casino
472,"Reno, NV, US","Dream Theater at Grand Sierra Resort & Casino (November 19, 2016)",39.526991,-119.780337,0.059226,2016-11-19,None,Grand Sierra Resort & Casino
473,"San Jose, CA, US","Dream Theater at City National Civic (November 20, 2016)",37.3306455,-121.8895618,0.059226,2016-11-20,None,City National Civic
474,"Durham, NC, US","Dream Theater at Durham Performing Arts Center (DPAC) (November 27, 2016)",35.993312,-78.902295,0.059226,2016-11-27,None,Durham Performing Arts Center (DPAC)
475,"Charlotte, NC, US","Dream Theater at Ovens Auditorium (November 28, 2016)",35.2050931,-80.7953024,0.059226,2016-11-28,None,Ovens Auditorium
476,"Jacksonville, FL, US","Dream Theater at Florida Theatre - Jacksonville (November 29, 2016)",30.3264541,-81.6555439,0.059226,2016-11-29,None,Florida Theatre - Jacksonville
477,"Clearwater, FL, US","Dream Theater at Ruth Eckerd Hall (December 1, 2016)",27.976034,-82.704689,0.059226,2016-12-01,None,Ruth Eckerd Hall
478,"Orlando, FL, US","Dream Theater at Hard Rock Live (December 2, 2016)",28.4737032,-81.4673372,0.059226,2016-12-02,None,Hard Rock Live
479,"Atlanta, GA, US","Dream Theater at Atlanta Symphony Hall (December 4, 2016)",33.7892284,-84.3849682,0.059226,2016-12-04,None,Atlanta Symphony Hall
480,"Durham, NC, US","Dream Theater at Durham Performing Arts Center (DPAC) (December 5, 2016)",35.993312,-78.902295,0.059226,2016-12-05,19:30:00,Durham Performing Arts Center (DPAC)
481,"Oakland, CA, US","Dream Theater at Fox Theater (October 25, 2017)",37.8078474,-122.2699981,0.059226,2017-10-25,20:00:00,Fox Theater
482,"Los Angeles, CA, US","Dream Theater at The Wiltern (October 26, 2017)",34.0619389,-118.3088392,0.059226,2017-10-26,19:00:00,The Wiltern
483,"Chandler, AZ, US","Dream Theater at Chandler Center for the Arts (October 28, 2017)",33.307114,-111.8417963,0.059226,2017-10-28,20:00:00,Chandler Center for the Arts
484,"Albuquerque, NM, US","Dream Theater at Kiva Auditorium, Albuquerque Convention Center (October 29, 2017)",35.0865309,-106.6483953,0.059226,2017-10-29,19:30:00,"Kiva Auditorium, Albuquerque Convention Center"
485,"Denver, CO, US","Dream Theater at Paramount Theatre (October 31, 2017)",39.744361,-104.99027,0.059226,2017-10-31,20:00:00,Paramount Theatre
486,"Wichita, KS, US","Dream Theater at Orpheum Theatre (November 2, 2017)",37.6880439,-97.3353575,0.059226,2017-11-02,None,Orpheum Theatre
487,"Chicago, IL, US","Dream Theater at Chicago Theatre (November 3, 2017)",41.88537,-87.627457,0.059226,2017-11-03,20:00:00,Chicago Theatre
488,"Peoria, IL, US","Dream Theater at Peoria Civic Center (November 4, 2017)",40.691985,-89.5942589,0.059226,2017-11-04,20:00:00,Peoria Civic Center
489,"Cincinnati, OH, US","Dream Theater at Taft Theatre (November 6, 2017)",39.101621,-84.507227,0.059226,2017-11-06,20:00:00,Taft Theatre
490,"Greensburg, PA, US","Dream Theater at Palace Theatre (November 8, 2017)",40.3034411,-79.5454085,0.059226,2017-11-08,19:45:00,Palace Theatre
491,"Detroit, MI, US","Dream Theater at The Fillmore Detroit (November 9, 2017)",42.3377981,-83.0515231,0.059226,2017-11-09,18:30:00,The Fillmore Detroit
492,"Rochester, NY, US","Dream Theater at Auditorium Theatre (November 10, 2017)",43.1606883,-77.5885351,0.059226,2017-11-10,20:00:00,Auditorium Theatre
493,"Albany, NY, US","Dream Theater at Palace Theatre (November 14, 2017)",42.6546302,-73.7504122,0.059226,2017-11-14,20:00:00,Palace Theatre
494,"Boston, MA, US","Dream Theater at Orpheum Theatre (November 15, 2017)",42.356246,-71.0610796,0.059226,2017-11-15,19:30:00,Orpheum Theatre
495,"New York, NY, US","Dream Theater at Beacon Theatre (November 16, 2017)",40.7760381,-73.9820377,0.059226,2017-11-16,20:00:00,Beacon Theatre
496,"Philadelphia, PA, US","Dream Theater at Unknown venue (November 19, 2017)",39.9525839,-75.1652215,0.059226,2017-11-19,None,Unknown venue
497,"Huntington, NY, US","Dream Theater at Paramount Theatre (November 21, 2017)",40.86974,-73.4257977,0.059226,2017-11-21,20:00:00,Paramount Theatre
498,"Baltimore, MD, US","Dream Theater at Lyric Opera House (November 27, 2017)",39.3056562,-76.6186697,0.059226,2017-11-27,19:30:00,Lyric Opera House
499,"Raleigh, NC, US","Dream Theater at Unknown venue (November 28, 2017)",35.7795897,-78.6381787,0.059226,2017-11-28,20:00:00,Unknown venue
500,"Asheville, NC, US","Dream Theater at Thomas Wolfe Auditorium, US Cellular Center (November 29, 2017)",35.597471,-82.555289,0.059226,2017-11-29,20:00:00,"Thomas Wolfe Auditorium, US Cellular Center"
501,"Austin, TX, US","Dream Theater at Bass Concert Hall, University of Texas (December 1, 2017)",30.2850972,-97.7306525,0.059226,2017-12-01,20:00:00,"Bass Concert Hall, University of Texas"
502,"Dallas, TX, US","Dream Theater at Unknown venue (December 2, 2017)",32.857314,-96.600582,0.059226,2017-12-02,20:00:00,Unknown venue
